,Open,High,Low,Close,Volume_(BTC),Volume_(Currency),Weighted_Price
0,10092.62,10109.93,10092.62,10109.93,0.27044296,2733.7999735,10108.600991
1,8630.0,8630.0,8594.12,8630.0,9.31512938,80242.200123,8614.1798841
2,8408.72,8419.79,8400.1,8414.0,1.04457635,8789.7681628,8414.6727646
3,9044.01,9044.01,9030.29,9031.93,2.55595549,23095.214725,9035.8438616
4,8278.56,8286.74,8254.07,8254.07,0.27124677,2241.1751484,8262.4952491
5,6100.1,6122.44,6100.1,6122.44,93.7943249,572500.89647,6103.7903635
6,7514.65,7514.65,7488.57,7488.6,22.02924985,165038.1054,7491.7714642
7,8163.94,8163.94,8154.35,8162.08,1.96548232,16041.676522,8161.699731
8,7847.89,7889.45,7834.7,7889.45,12.49247883,98261.464811,7865.6498961
9,8838.0,8838.0,8822.56,8822.56,5.39382449,47603.333076,8825.5250359
10,7986.65,7986.75,7960.0,7986.75,5.92948026,47312.75587,7979.2416528
11,8493.61,8493.61,8493.61,8493.61,0.01115662,94.759979198,8493.61
12,8589.99,8598.11,8581.03,8581.03,2.92018537,25091.220389,8592.3382286
13,8809.42,8809.42,8791.2,8791.2,0.6842841,6027.5219196,8808.5079276
14,9748.98,9750.0,9724.33,9724.33,50.44561903,491302.51211,9739.2503364
15,10025.82,10050.0,10025.82,10050.0,12.75467896,128114.00209,10044.470934
16,10584.93,10595.83,10582.76,10588.13,1.11635567,11824.18368,10591.771061
17,10943.97,10951.46,10937.06,10947.35,2.6500578,29014.920079,10948.787637
18,10548.52,10558.0,10548.51,10558.0,2.34457197,24752.09909,10557.193128
19,11444.67,11469.41,11444.67,11450.0,0.52613907,6032.1664066,11464.96573
20,10803.11,10803.11,10791.49,10801.03,5.00799383,54079.979555,10798.731267
21,10722.39,10737.45,10720.51,10733.1,0.62182548,6668.9785191,10724.839579
22,9862.58,9867.82,9862.58,9867.82,0.0248806,245.45263636,9865.2217535
23,10400.1,10412.67,10400.0,10400.0,12.01584938,124965.62029,10400.065475
24,9727.99,9755.83,9727.99,9737.78,0.7572799,7384.4245192,9751.2485399
25,9689.98,9696.04,9677.22,9682.8,2.68192534,25975.850504,9685.5233501
26,10292.53,10308.79,10292.53,10308.79,0.99610793,10262.818149,10302.917827
27,10907.21,10916.14,10907.21,10916.14,1.626514,17750.275353,10913.07874
28,10439.99,10448.26,10435.61,10435.61,0.09191475,960.18271565,10446.448646
29,10985.99,10994.97,10980.31,10981.41,1.16572762,12801.922244,10981.915521
30,11350.01,11365.51,11340.0,11365.51,8.77221259,99567.298162,11350.30611
31,11203.02,11203.02,11177.89,11177.89,2.28810944,25594.66695,11185.945262
32,11511.76,11511.76,11508.49,11508.49,0.26977714,3104.8951526,11509.111382
33,11288.78,11291.27,11273.77,11291.27,0.97964633,11057.581952,11287.320345
34,10761.99,10776.51,10758.82,10773.04,0.33575788,3617.6971874,10774.720127
35,9781.33,9793.98,9771.99,9790.02,3.73126951,36512.383387,9785.5122203
36,8649.1,8649.1,8589.46,8589.46,39.90654615,343706.63806,8612.7884075
37,9329.99,9334.63,9310.83,9314.12,0.75512521,7036.8078275,9318.7298402
38,8675.37,8688.65,8652.38,8664.89,8.71162634,75528.373196,8669.8361762
39,9420.43,9421.89,9417.43,9421.89,1.1667,10991.829731,9421.2991609
40,9047.99,9047.99,9025.27,9025.27,0.6154607,5562.8884945,9038.5762965
41,9280.39,9280.39,9250.0,9250.0,6.40979513,59376.006652,9263.3236239
42,7902.56,7919.2,7889.99,7889.99,11.02728424,87193.869123,7907.1027123
43,8038.67,8043.55,8036.14,8036.14,3.06831115,24666.38457,8039.0753623
44,8211.53,8215.69,8205.23,8208.48,3.4342574,28189.23384,8208.2472444
45,7674.0,7679.03,7658.49,7658.49,8.6344106,66214.234187,7668.6455225
46,8206.43,8221.02,8201.34,8207.3,5.09482195,41837.63734,8211.7957705
47,8603.05,8606.0,8563.76,8564.18,16.26282017,139418.12119,8572.8133085
48,9022.76,9036.67,9022.74,9031.3,0.37381611,3375.2502055,9029.1726741
49,9021.38,9021.98,9021.38,9021.98,0.66350553,5985.9659964,9021.7273643
50,8420.97,8420.97,8415.07,8417.64,1.2821939,10793.039018,8417.6340396
51,8881.0,8881.0,8877.11,8877.11,0.01871259,166.17790481,8880.5400436
52,8545.98,8553.67,8545.98,8553.67,1.04906841,8972.7911451,8553.1039345
53,8418.84,8425.84,8410.0,8417.38,25.95916228,218458.3755,8415.4632244
54,7861.56,7875.79,7861.56,7870.05,6.19047469,48730.352179,7871.8280292
55,7862.27,7865.0,7850.05,7850.05,2.2962749,18043.71311,7857.8192488
56,7863.09,7879.99,7863.09,7871.45,1.8838875,14824.520092,7869.1111288
57,6856.64,6872.7,6856.64,6860.0,3.60283405,24717.09271,6860.4582856
58,6967.91,6976.64,6950.0,6965.54,20.82724099,144866.85002,6955.6428567
59,6928.14,6929.11,6921.0,6924.71,0.3438979,2382.0085155,6926.4991602
60,6984.69,7006.0,6980.0,7006.0,48.86485973,342235.26319,7003.7091088
61,7184.88,7190.0,7178.96,7190.0,15.98940061,114906.82826,7186.4375072
62,7297.66,7297.66,7280.08,7286.26,2.86921933,20923.542731,7292.4166209
63,6779.1,6779.77,6750.01,6757.13,5.82372864,39397.921926,6765.0682856
64,6763.61,6763.61,6753.24,6755.77,7.45954976,50399.3895,6756.3581076
65,6868.1,6868.1,6852.2,6857.73,0.11732065,804.94023607,6861.0277566
66,6964.61,6964.61,6964.61,6964.61,2.54339,17713.719428,6964.61
67,7127.85,7127.85,7121.77,7121.77,0.03764679,268.21655008,7124.5529854
68,6789.61,6789.61,6770.83,6775.39,6.03893786,40952.346368,6781.3823088
69,6830.72,6830.73,6820.43,6830.73,3.67509846,25074.156615,6822.7169661
70,6944.99,6948.0,6930.27,6940.58,2.1473318,14910.361606,6943.6691648
71,7818.23,7833.07,7818.23,7833.07,14.23694611,111470.5718,7829.668732
72,8046.92,8046.92,8037.7,8040.87,0.09972146,802.03932939,8042.7956971
73,8076.49,8088.18,8070.46,8078.07,7.72534758,62400.754737,8077.4041674
74,8173.19,8173.19,8160.0,8160.0,3.87847117,31653.025868,8161.2121066
75,8033.59,8033.59,8019.55,8027.33,5.46130321,43827.714831,8025.1385331
76,7930.26,7936.53,7923.91,7932.28,4.81314489,38159.168981,7928.1155778
77,8179.0,8189.52,8172.19,8177.83,8.4952412,69474.609464,8178.0620265
78,8331.99,8332.98,8327.65,8332.77,0.72683594,6055.5000454,8331.3162052
79,8857.99,8860.0,8849.2,8860.0,18.06695767,160055.59252,8859.0229439
80,8828.7,8835.55,8817.92,8828.25,4.43258657,39131.171581,8828.0670806
81,8880.67,8882.82,8877.39,8880.67,28.02412009,248815.18978,8878.6084624
82,9195.36,9200.48,9190.56,9196.49,1.09061665,10028.887176,9195.6116533
83,9374.41,9436.45,9368.58,9431.1,41.11482983,386409.55723,9398.3012656
84,8804.98,8864.99,8802.14,8843.02,58.04783915,513093.45523,8839.1482395
85,9160.23,9162.6,9148.99,9148.99,13.22403862,121090.6737,9156.8602588
86,9134.18,9150.01,9130.39,9150.01,8.3102881,75923.766699,9136.1172785
87,9463.42,9463.99,9453.32,9463.17,0.78612073,7435.5969359,9458.5941474
88,9274.44,9286.92,9270.01,9280.46,15.07781236,139915.25749,9279.5462731
89,8946.1,8965.99,8941.41,8965.7,5.78621847,51802.121517,8952.6729392
90,9035.49,9041.0,9031.6,9040.98,1.90078916,17177.200446,9036.8783701
91,9232.99,9239.2,9224.39,9239.19,1.12728656,10409.037211,9233.710026
92,9570.21,9612.83,9565.73,9612.83,22.84332047,219002.13765,9587.1411486
93,9816.09,9834.7,9815.37,9832.95,15.48777256,152196.31991,9826.8695074
94,9841.99,9849.43,9838.58,9848.98,3.78580985,37269.023081,9844.3991001
95,9318.27,9350.0,9313.01,9327.2,37.61448897,351110.01335,9334.4352925
96,9423.44,9435.34,9420.34,9420.37,3.48142926,32818.63227,9426.7698175
97,9041.0,9046.5,9034.23,9034.23,2.47536639,22378.696891,9040.5594021
98,9322.62,9322.62,9319.08,9319.08,0.18300002,1705.4635831,9319.4721133
99,8913.71,8922.52,8913.71,8922.52,0.21512946,1917.8893347,8915.0474076
100,8407.74,8432.5,8403.47,8421.74,30.27958815,254813.55805,8415.3574609
101,8447.99,8448.99,8447.07,8448.99,0.17811037,1504.5449526,8447.2619564
102,8396.5,8420.99,8396.44,8413.7,7.3416944,61757.035963,8411.8232929
103,8714.99,8717.66,8708.25,8717.66,1.20424671,10491.903081,8712.4199663
104,8164.7,8164.7,8157.01,8163.99,0.20701552,1690.0505843,8163.8834825
105,8349.01,8360.55,8349.01,8360.2,0.10228898,854.672018,8355.4652515
106,8002.99,8005.99,7994.76,7999.73,1.2659715,10128.761811,8000.7818587
107,8232.0,8234.99,8222.01,8234.99,1.08913747,8960.7886412,8227.4174638
108,8255.0,8255.0,8243.98,8255.0,0.18044815,1488.4974,8248.8925489
109,8487.51,8495.24,8487.51,8494.99,1.1176033,9493.7888123,8494.7752143
110,8325.99,8333.65,8325.99,8326.09,0.52860032,4402.3930156,8328.3964255
111,7959.78,7959.99,7958.14,7959.99,9.29920351,74020.2074,7959.8437996
112,7622.78,7627.99,7613.68,7627.99,6.94778611,52960.093428,7622.5854667
113,7599.8,7599.8,7585.8,7586.99,5.63651767,42789.546674,7591.4863004
114,7433.57,7447.46,7433.57,7442.22,0.30312281,2256.4124644,7443.8887144
115,7295.99,7296.0,7290.19,7291.99,0.17450698,1272.8799081,7294.148968
116,7382.06,7394.29,7380.95,7394.29,1.44430471,10665.429496,7384.4732498
117,7113.9,7125.25,7113.59,7120.18,2.05090713,14590.285519,7114.0644574
118,7485.18,7490.82,7485.01,7490.73,0.82267844,6159.3008309,7486.8873808
119,7365.27,7365.28,7362.24,7362.24,0.29537731,2175.3547129,7364.6642421
120,7494.75,7494.75,7475.84,7483.47,2.23829571,16756.890464,7486.4506908
121,7491.79,7498.81,7491.79,7498.81,0.74522385,5584.6899884,7493.9764587
122,7643.98,7646.91,7640.27,7640.31,0.62169393,4752.7181225,7644.7877214
123,7693.99,7694.2,7690.61,7690.61,2.3819122,18325.675857,7693.682352
124,7408.42,7415.81,7408.42,7415.62,1.17213985,8690.881571,7414.5432143
125,7604.99,7608.97,7602.86,7602.86,2.57136087,19551.882419,7603.7100227
126,7722.16,7723.97,7711.81,7716.11,14.56065419,112347.00508,7715.7937832
127,7635.0,7640.82,7632.83,7632.83,3.36957753,25724.771833,7634.4205183
128,7667.06,7667.99,7659.0,7667.99,0.02199905,168.63589459,7665.5989503
129,7285.14,7308.77,7285.14,7304.65,25.74737483,187814.68073,7294.517673
130,6776.2,6779.94,6771.14,6775.38,10.58356371,71685.791516,6773.313175
131,6817.2,6825.88,6817.2,6825.88,9.57416682,65330.012093,6823.5715255
132,6563.11,6563.11,6552.2,6563.09,1.30831467,8583.0499855,6560.3865662
133,6498.55,6504.52,6498.5,6504.52,6.39837534,41585.193415,6499.3363479
134,6597.25,6606.96,6590.9,6606.96,0.46478311,3066.1892026,6597.0323289
135,6419.05,6429.2,6414.68,6429.2,11.71709841,75250.083453,6422.2455782
136,6538.97,6538.97,6538.77,6538.77,0.00724018,47.342205677,6538.8161174
137,6412.34,6416.26,6409.75,6409.75,11.43108364,73301.242658,6412.4491576
138,6683.11,6686.37,6681.9,6686.37,0.34732856,2321.9785305,6685.250791
139,6608.94,6613.44,6608.94,6612.79,0.47007925,3107.999644,6611.6503632
140,6770.09,6775.0,6768.1,6774.99,0.297495,2014.4617144,6771.4136855
141,6668.17,6673.32,6668.17,6673.32,7.19398611,47982.916763,6669.8650831
142,6113.72,6113.86,6109.95,6109.95,1.93829567,11844.808722,6110.9400931
143,6087.43,6091.76,6078.17,6078.17,4.42851433,26945.556407,6084.5589286
144,6136.0,6148.92,6136.0,6148.92,4.99711017,30677.640593,6139.0762959
145,6233.07,6235.92,6231.87,6232.76,5.42746509,33824.352736,6232.0719111
146,6042.82,6045.56,6031.71,6043.0,42.45069809,256439.62955,6040.8813304
147,6095.52,6096.14,6082.05,6082.05,13.26865936,80768.628257,6087.1732453
148,5872.54,5873.59,5868.67,5870.85,4.68250319,27488.89822,5870.5562185
149,6368.54,6394.07,6368.54,6384.89,27.26997192,174049.91114,6382.4748941
150,6343.51,6352.03,6343.51,6351.63,3.30431522,20987.342752,6351.495349
151,6329.83,6330.77,6326.91,6329.66,3.48367618,22050.147123,6329.5627905
152,6628.87,6636.87,6626.81,6636.87,17.42917926,115555.16868,6629.9833718
153,6471.24,6471.25,6462.11,6462.11,1.02823431,6645.8882738,6463.3986721
154,6621.99,6624.43,6619.56,6624.43,1.21889123,8073.9599149,6624.0200242
155,6525.99,6527.66,6525.99,6525.99,0.08563087,558.82849805,6526.0168213
156,6590.95,6596.2,6590.95,6596.19,0.19813639,1306.7915486,6595.414142
157,6716.22,6720.36,6716.22,6720.36,5.04283103,33883.339817,6719.1106772
158,6711.44,6724.78,6709.99,6711.85,40.24225709,270474.43102,6721.1545918
159,6632.81,6634.43,6632.81,6632.96,0.10438177,692.46816924,6633.9952775
160,6335.95,6343.92,6333.63,6343.92,1.50037393,9509.0976649,6337.8185096
161,6342.22,6343.68,6339.51,6341.97,1.14690396,7275.2433229,6343.3762343
162,6248.2,6252.44,6248.02,6251.27,2.44535208,15284.385815,6250.3824869
163,6203.33,6207.92,6200.03,6204.98,0.72370466,4487.6114522,6200.8878762
164,6248.6,6248.95,6248.6,6248.95,4.04566207,25280.682611,6248.8369451
165,6352.99,6353.2,6345.76,6348.59,4.83882879,30716.222695,6347.8630942
166,6738.86,6743.75,6735.06,6743.75,5.14630064,34685.301189,6739.8513252
167,7459.92,7468.28,7454.18,7463.84,5.04661651,37651.69382,7460.779662
168,7319.58,7325.76,7315.5,7322.75,0.55801015,4083.8401321,7318.5767895
169,7464.99,7465.93,7463.29,7465.93,0.17683405,1320.148042,7465.4629131
170,7276.7,7276.7,7276.7,7276.7,0.19964953,1452.789735,7276.7
171,7415.96,7415.96,7408.48,7414.38,0.13771252,1021.0790662,7414.5696134
172,7626.27,7632.88,7623.62,7629.03,7.49941333,57221.851602,7630.1770664
173,7751.84,7761.99,7751.51,7761.99,1.82316801,14139.270438,7755.33048
174,8366.04,8366.98,8357.33,8361.76,2.45676992,20541.37161,8361.1295639
175,8224.69,8224.69,8224.69,8224.69,0.01113663,91.595329395,8224.69
176,7882.83,7888.39,7879.14,7888.39,0.71933548,5671.3251828,7884.1171338
177,8163.46,8168.0,8162.96,8168.0,2.28028157,18614.005912,8163.0295825
178,8224.2,8240.45,8224.2,8230.64,6.17111001,50816.04784,8234.5068809
179,8187.0,8194.58,8187.0,8194.58,0.43867107,3593.6212312,8192.0634318
180,8117.19,8119.67,8117.12,8117.12,0.26045419,2114.3052058,8117.7623052
181,7534.98,7535.0,7534.86,7534.86,0.79979947,6026.4328572,7534.9297958
182,7645.29,7647.71,7645.29,7646.0,2.4547839,18769.367443,7646.0365586
183,7330.2,7332.84,7330.2,7332.77,6.71721544,49255.281778,7332.6934677
184,7453.99,7453.99,7450.11,7450.11,1.00829158,7512.995082,7451.2127553
185,7005.99,7011.41,7004.19,7011.28,4.81183926,33706.211559,7004.8498584
186,7094.01,7094.01,7091.99,7093.28,0.37529719,2662.1189395,7093.3623016
187,6929.36,6933.59,6929.36,6933.59,5.10289261,35373.112398,6931.9727263
188,6589.55,6589.55,6581.63,6584.55,7.82325585,51525.094789,6586.1446662
189,6320.0,6323.6,6299.81,6309.57,7.34992208,46338.594616,6304.6375338
190,6465.9,6465.9,6458.76,6459.86,3.36559908,21749.469479,6462.2876825
191,6111.14,6114.56,6111.14,6114.56,0.14210073,868.7208111,6113.4155405
192,6277.89,6277.89,6277.38,6277.38,3.12393665,19610.387846,6277.4601546
193,6346.14,6346.14,6346.13,6346.13,13.55898813,86047.145231,6346.133237
194,5993.29,5993.29,5977.48,5978.33,10.32259672,61764.69011,5983.4450367
195,6297.25,6297.25,6285.37,6285.37,1.07725266,6776.0192196,6290.0928178
196,6269.28,6269.28,6255.07,6266.97,9.29073068,58152.638673,6259.2104621
197,6413.55,6413.55,6413.55,6413.55,0.0015,9.620325,6413.55
198,6517.43,6528.71,6517.43,6528.71,0.21806298,1422.2914462,6522.3883769
199,6336.04,6336.04,6336.04,6336.04,0.00193314,12.248452366,6336.04
200,6484.76,6485.02,6483.08,6483.09,0.46231704,2997.3244214,6483.2661617
201,6303.77,6303.77,6302.57,6303.09,0.05234864,329.93825107,6302.7091261
202,6729.39,6737.99,6724.55,6737.99,4.20926737,28340.091205,6732.7847614
203,6401.35,6402.58,6395.86,6395.86,16.07638248,102909.18482,6401.2650199
204,6492.92,6497.14,6491.03,6497.14,2.91963662,18965.165175,6495.7279428
205,6724.48,6724.48,6709.2,6710.77,4.51417569,30334.079264,6719.738297
206,6618.99,6628.99,6617.29,6628.98,3.17551028,21044.2877,6627.0570223
207,6670.47,6672.57,6670.47,6672.57,0.55941267,3732.6415474,6672.4294025
208,6879.03,6884.41,6879.03,6883.57,2.94360532,20257.530819,6881.8773636
209,7044.4,7044.5,7044.4,7044.5,0.13036811,918.36813262,7044.4231539
210,7016.97,7016.97,7016.97,7016.97,0.001,7.01697,7016.97
211,6967.74,6972.09,6966.59,6966.6,0.34390519,2396.7506212,6969.219107
212,7063.98,7065.8,7059.38,7059.38,2.00274444,14150.010821,7065.3102505
213,7180.01,7183.12,7180.01,7183.12,0.078,560.10298,7180.8074359
214,7256.45,7256.45,7256.44,7256.44,4.22293382,30643.48032,7256.4434173
215,7266.04,7273.58,7266.04,7271.86,3.97919683,28929.272217,7270.1284838
216,7368.31,7368.32,7365.46,7368.31,0.57065866,4204.4617308,7367.7349096
217,6414.58,6421.17,6414.58,6421.17,1.40862065,9042.7281775,6419.562412
218,6488.62,6488.99,6484.86,6485.89,9.1842617,59565.596531,6485.616207
219,6416.1,6416.1,6416.1,6416.1,0.01,64.161,6416.1
220,6175.1,6178.27,6175.1,6178.27,1.31918291,8149.880164,6177.9758533
221,6302.5,6305.0,6297.46,6297.46,6.54560209,41224.355074,6298.0233915
222,6339.91,6340.05,6339.91,6340.0,2.95187274,18714.965109,6340.0311456
223,6257.46,6257.46,6249.97,6252.95,10.01714064,62631.646196,6252.4475244
224,6383.67,6383.67,6383.67,6383.67,1.83543389,11716.804261,6383.67
225,6550.0,6550.0,6550.0,6550.0,19.7285449,129221.96909,6550.0
226,6495.0,6498.1,6493.04,6493.05,0.19065892,1238.5018789,6495.9031495
227,6484.86,6490.26,6484.86,6485.99,0.26760486,1735.4015361,6484.9402815
228,6515.42,6515.42,6515.42,6515.42,0.00573464,37.363588149,6515.42
229,6245.08,6245.08,6239.12,6239.12,0.0923244,576.40638395,6243.2724605
230,6348.46,6352.65,6346.23,6350.76,4.96112962,31510.235363,6351.4235218
231,6397.99,6398.99,6397.5,6397.5,0.61905705,3960.5616028,6397.7328144
232,6552.99,6554.16,6552.99,6554.16,0.27704758,1815.8044725,6554.125008
233,6724.62,6732.67,6721.04,6729.33,7.19315881,48383.071427,6726.2620921
234,6700.52,6700.52,6700.52,6700.52,0.38994839,2612.8569862,6700.52
235,6706.19,6707.76,6706.19,6707.76,0.30591897,2051.5671204,6706.2435532
236,6458.21,6459.92,6453.85,6459.92,9.68539382,62550.203608,6458.199302
237,6383.08,6383.08,6381.28,6381.28,0.64303357,4103.4464773,6381.3876425
238,6497.85,6497.85,6497.85,6497.85,0.03847416,249.99932056,6497.85
239,6698.27,6698.27,6698.27,6698.27,0.05205279,348.66364167,6698.27
240,6481.13,6489.26,6481.13,6483.77,3.76512765,24412.954715,6483.9646845
241,6558.09,6558.09,6558.09,6558.09,0.49213693,3227.4782793,6558.09
242,6617.2,6617.2,6616.23,6616.23,4.27284276,28274.204702,6617.1882023
243,6563.3,6564.95,6563.3,6564.95,1.28627577,8442.3578475,6563.4120181
244,6419.95,6421.62,6419.95,6421.62,0.51777382,3324.8920845,6421.5144839
245,6559.52,6560.19,6559.52,6560.19,0.045713,299.85768008,6559.5712397
246,6538.6,6538.6,6538.6,6538.6,2.0,13077.2,6538.6
247,6560.65,6560.65,6560.49,6560.49,0.1427,936.19668757,6560.5934658
248,6556.88,6559.61,6556.88,6559.35,1.35508034,8888.2510944,6559.2059983
249,6556.83,6556.84,6556.83,6556.83,4.2848861,28095.286307,6556.8338694
250,6605.58,6606.57,6605.58,6606.57,1.43541592,9482.5977235,6606.1673076
251,6537.89,6541.41,6537.89,6541.41,3.66603841,23973.55794,6539.363547
252,6221.54,6221.55,6221.54,6221.55,0.22926847,1426.4048477,6221.5482473
253,6191.28,6191.28,6189.68,6189.68,0.04645448,287.61034017,6191.2293533
254,6179.49,6180.85,6179.49,6179.54,0.04541952,280.67483172,6179.6080566
255,6222.52,6227.0,6222.51,6225.7,2.36893548,14744.971324,6224.3026239
256,6215.1,6215.12,6215.1,6215.1,0.02774431,172.43398998,6215.1118546
257,6424.46,6424.46,6420.12,6424.46,2.44413075,15702.202623,6424.452793
258,6452.41,6452.41,6452.41,6452.41,0.00823298,53.122562482,6452.41
259,6459.38,6459.38,6457.08,6457.08,0.04319949,278.95306832,6457.3231842
260,6392.78,6393.54,6391.79,6393.54,7.34642949,46961.665755,6392.4476263
261,6383.33,6383.33,6383.33,6383.33,0.10745881,685.94504564,6383.33
262,6437.55,6437.55,6435.44,6435.44,2.36880403,15244.386312,6435.4780384
263,6413.22,6413.22,6413.22,6413.22,0.19855228,1273.3594531,6413.22
264,6394.62,6394.62,6392.21,6394.61,1.82235534,11653.175258,6394.5680639
265,6416.73,6416.73,6416.73,6416.73,0.152,975.34296,6416.73
266,6389.91,6389.91,6386.75,6386.75,4.3507,27800.372877,6389.8620629
267,6389.2,6389.2,6389.2,6389.2,0.00683497,43.669990324,6389.2
268,6416.51,6416.51,6416.51,6416.51,0.005268,33.80217468,6416.51
269,6406.36,6406.37,6406.36,6406.37,0.01757374,112.58382256,6406.3666905
270,6411.14,6411.14,6409.23,6411.14,0.95960537,6150.4738729,6409.3783395
271,6271.87,6271.94,6269.81,6271.94,2.67596195,16783.205612,6271.8401552
272,6268.01,6268.22,6268.01,6268.22,3.49283626,21893.368046,6268.0774065
273,6294.13,6294.13,6294.13,6294.13,0.43954278,2766.5393979,6294.13
274,6356.44,6357.99,6356.44,6357.99,7.67024709,48764.918012,6357.6723722
275,6336.59,6336.59,6336.59,6336.59,0.15468846,980.19734875,6336.59
276,6330.44,6330.44,6330.44,6330.44,0.00604161,38.246049608,6330.44
277,6405.38,6405.38,6399.86,6403.13,1.13227704,7251.4518108,6404.3087996
278,6394.79,6395.16,6394.79,6395.16,2.0,12790.195441,6395.0977203
279,6498.66,6498.66,6498.66,6498.66,1.01037143,6566.0603973,6498.66
280,6454.88,6454.88,6454.88,6454.88,0.003,19.36464,6454.88
281,6398.8,6398.8,6398.8,6398.8,0.26879102,1719.9399788,6398.8
282,6357.42,6357.42,6344.25,6344.25,3.21687143,20413.426546,6345.7390171
283,6350.2,6350.2,6350.2,6350.2,0.07830008,497.22116802,6350.2
284,6369.39,6369.39,6366.74,6369.37,1.58166307,10074.212853,6369.3798283
285,6295.02,6295.02,6295.02,6295.02,0.09264158,583.18059893,6295.02
286,6269.99,6270.0,6268.2,6270.0,0.55780203,3496.4931398,6268.3406509
287,5543.57,5550.0,5543.55,5547.95,6.49513257,36012.756811,5544.5760996
288,5544.51,5544.51,5541.45,5541.45,0.08397554,465.48422961,5543.0930198
289,5480.57,5481.21,5480.57,5481.21,0.31787904,1742.3537732,5481.1848344
290,5533.99,5533.99,5533.99,5533.99,0.04507081,249.42141183,5533.99
291,5496.1,5496.1,5493.72,5493.72,0.10964888,602.48847277,5494.7070392
292,4656.0,4656.15,4637.76,4655.77,123.19272398,572487.03369,4647.0847887
293,4452.14,4452.14,4452.14,4452.14,0.4455,1983.42837,4452.14
294,4507.9,4507.9,4501.82,4506.49,4.70898723,21208.779494,4503.8940345
295,4189.11,4189.11,4180.95,4187.15,6.22073828,26030.792046,4184.5181189
296,4298.52,4298.52,4298.52,4298.52,0.5781099,2485.0169673,4298.52
297,3634.93,3636.37,3634.93,3635.0,22.50165,81793.376046,3634.9945913
298,3931.8,3937.95,3931.35,3931.35,28.73487164,112968.15549,3931.395863
299,3697.0,3700.89,3696.3,3700.89,10.64843545,39372.539651,3697.4952645
300,4035.0,4035.0,4021.85,4024.5,38.60262636,155526.44333,4028.9083411
301,4148.65,4148.65,4143.27,4143.27,1.76174332,7301.3974972,4144.4161668
302,4267.68,4273.0,4266.59,4273.0,2.11407077,9020.8858669,4267.0690096
303,3947.09,3947.09,3947.09,3947.09,0.04064101,160.41372416,3947.09
304,4127.09,4127.09,4120.53,4121.46,12.32930807,50838.824696,4123.4126366
305,3970.55,3970.55,3970.55,3970.55,0.01154151,45.826142531,3970.55
306,3814.13,3814.16,3809.09,3809.09,0.56125813,2139.6162499,3812.1786314
307,3824.56,3830.13,3821.93,3821.93,15.28829806,58482.837187,3825.3333992
308,3691.95,3691.99,3681.11,3682.04,2.58955566,9553.0229778,3689.0587545
309,3350.76,3352.37,3345.82,3345.82,14.78842987,49537.184616,3349.7257688
310,3446.63,3446.63,3446.63,3446.63,0.04187691,144.33421431,3446.63
311,3407.01,3407.01,3407.01,3407.01,0.05090337,173.42829062,3407.01
312,3531.17,3531.17,3529.46,3530.98,0.79832354,2818.1250136,3530.0537594
313,3386.57,3393.0,3386.57,3393.0,11.37483853,38551.571544,3389.1972569
314,3342.18,3342.18,3338.32,3338.32,0.70198632,2344.6070192,3339.9611252
315,3365.53,3367.0,3365.04,3367.0,3.4830819,11725.565157,3366.4339496
316,3267.66,3268.16,3265.92,3265.92,10.86131042,35491.190374,3267.671119
317,3220.3,3220.3,3220.3,3220.3,3.23539153,10418.931344,3220.3
318,3234.9,3234.9,3233.51,3233.51,1.71178522,5536.3135216,3234.2337444
319,3211.54,3215.0,3211.54,3215.0,8.66761754,27850.967715,3213.2206556
320,3518.43,3518.98,3517.16,3517.74,6.25921156,22019.762713,3517.977065
321,3714.48,3717.15,3712.7,3715.25,2.25821813,8386.2758473,3713.6695237
322,3739.4,3739.4,3736.95,3736.95,0.0663069,247.94162537,3739.303532
323,4014.11,4019.18,4011.51,4017.46,16.22081149,65104.768913,4013.6567121
324,3803.9,3807.95,3800.9,3807.18,5.46850847,20792.750373,3802.2708545
325,3995.57,3995.57,3994.02,3994.59,0.52299669,2089.1165272,3994.5119485
326,4174.89,4180.24,4172.97,4179.15,15.72973697,65710.182955,4177.4495709
327,3768.24,3770.84,3767.89,3770.47,1.71242718,6453.5840882,3768.6765099
328,3820.62,3821.24,3820.62,3821.24,0.02115868,80.846194363,3820.946976
329,3748.6,3748.6,3748.6,3748.6,1.11175912,4167.5402372,3748.6
330,3592.11,3592.12,3591.24,3592.08,6.97181822,25043.404216,3592.0908184
331,3890.22,3890.22,3890.22,3890.22,0.7415863,2884.933856,3890.22
332,3764.49,3764.49,3760.51,3761.46,15.93437045,59954.46982,3762.5879233
333,3786.47,3786.47,3786.47,3786.47,0.10215384,386.80245054,3786.47
334,3683.23,3685.37,3679.63,3679.8,1.89961797,6990.4122057,3679.9042313
335,3797.58,3797.58,3797.58,3797.58,0.02,75.9516,3797.58
336,3861.2,3863.11,3861.2,3863.11,0.158949,613.8740088,3862.0816035
337,3795.0,3795.0,3795.0,3795.0,0.08516686,323.2082337,3795.0
338,3842.56,3843.44,3840.01,3842.64,12.6567182,48632.376098,3842.4159667
339,3795.13,3795.13,3795.13,3795.13,0.038,144.21494,3795.13
340,4025.96,4025.96,4021.9,4024.24,9.15435731,36835.402409,4023.8108653
341,3977.86,3977.86,3977.86,3977.86,0.48634621,1934.6171349,3977.86
342,4028.55,4030.02,4027.92,4030.02,1.72908321,6965.8341593,4028.6286507
343,4024.36,4030.0,4024.36,4029.21,3.71662882,14965.844553,4026.725637
344,3610.89,3618.53,3610.89,3618.2,4.71726254,17063.849448,3617.3202791
345,3632.82,3632.82,3627.09,3627.09,1.5,5446.5222173,3631.0148115
346,3620.43,3620.43,3620.43,3620.43,0.0327171,118.44997035,3620.43
347,3531.83,3535.05,3531.83,3533.57,6.80487558,24048.407211,3533.996607
348,3668.76,3668.76,3668.76,3668.76,0.016889,61.96168764,3668.76
349,3599.89,3600.98,3599.89,3600.89,5.64652137,20329.109294,3600.2890916
350,3587.6,3587.6,3587.6,3587.6,0.011396,40.8842896,3587.6
351,3614.1,3614.1,3614.1,3614.1,0.56385744,2037.8371739,3614.1
352,3623.59,3623.59,3623.59,3623.59,0.031,112.33129,3623.59
353,3694.15,3694.15,3694.15,3694.15,0.41972056,1550.5107067,3694.15
354,3530.91,3530.91,3530.43,3530.43,1.23750496,4368.9647028,3530.4623771
355,3528.51,3528.51,3528.51,3528.51,0.298715,1054.0188647,3528.51
356,3573.37,3573.41,3572.62,3573.41,6.98008468,24939.917802,3573.0107793
357,3538.0,3538.0,3537.87,3538.0,1.03924477,3676.8052351,3537.9588536
358,3571.23,3572.38,3569.51,3569.51,6.41824495,22917.700914,3570.7114783
359,3563.33,3563.33,3563.32,3563.32,1.15893059,4129.6507398,3563.3287924
360,3550.2,3550.2,3549.17,3549.17,1.34361289,4769.4872086,3549.7480295
361,3464.68,3466.87,3464.68,3466.43,6.47607495,22445.193048,3465.8636939
362,3405.94,3406.74,3405.94,3406.74,2.407,8199.69758,3406.6047279
363,3416.28,3419.68,3416.28,3417.54,9.72156604,33226.83039,3417.847521
364,3447.32,3449.21,3447.32,3448.46,0.53977652,1861.504427,3448.6576538
365,3387.76,3387.76,3387.76,3387.76,0.25406692,860.7177489,3387.76
366,3432.35,3432.35,3432.35,3432.35,0.0568955,195.28526942,3432.35
367,3440.5,3440.5,3439.44,3439.44,4.64559032,15982.99917,3440.4667802
368,3415.36,3415.36,3415.36,3415.36,0.13872915,473.80998974,3415.36
369,3414.41,3414.41,3414.41,3414.41,1.41441647,4829.3977393,3414.41
370,3370.1,3370.14,3370.1,3370.14,4.0,13480.443434,3370.1108585
371,3372.22,3372.22,3372.22,3372.22,0.08476315,285.83998969,3372.22
372,3356.83,3356.83,3356.82,3356.82,7.85840262,26379.261667,3356.8223649
373,3612.46,3612.46,3612.46,3612.46,0.01283581,46.368850193,3612.46
374,3619.63,3620.02,3619.63,3620.02,3.52313502,12752.714577,3619.7064559
375,3594.24,3594.26,3592.7,3592.7,2.55488711,9181.2334006,3593.5965095
376,3578.09,3578.09,3578.09,3578.09,2.00919345,7189.0749915,3578.09
377,3592.87,3594.81,3592.87,3594.21,3.17755325,11420.319122,3594.0606573
378,3582.37,3584.6,3582.37,3582.5,1.61741676,5794.676651,3582.6738008
379,3580.3,3581.98,3579.18,3581.98,10.42294927,37323.235681,3580.870895
380,3582.31,3582.31,3581.21,3581.21,0.96341438,3450.277499,3581.3016399
381,3595.47,3595.54,3595.47,3595.54,0.9809998,3527.1583505,3595.4730577
382,3672.79,3672.79,3670.0,3670.69,12.56773844,46143.326644,3671.5696196
383,3873.64,3873.64,3871.91,3871.91,2.0900792,8093.5855171,3872.3822126
384,3885.66,3886.41,3883.15,3883.35,12.55905479,48775.343698,3883.6795056
385,3929.73,3933.97,3929.73,3933.97,4.50520177,17719.424115,3933.1033369
386,3915.96,3916.39,3915.68,3916.39,1.15161411,4509.7151343,3915.9950326
387,3924.18,3924.26,3924.18,3924.26,0.2373453,931.39833777,3924.2333333
388,4153.07,4153.07,4152.73,4152.73,0.70301079,2919.6186717,4153.0211389
389,3784.47,3784.47,3784.47,3784.47,0.02372062,89.769974771,3784.47
390,3813.02,3815.57,3813.02,3815.57,2.58341906,9854.720013,3814.6037418
391,3800.38,3800.38,3800.38,3800.38,0.09271469,352.35105358,3800.38
392,3807.29,3807.29,3807.29,3807.29,3.66215243,13942.876325,3807.29
393,3799.58,3800.86,3799.58,3799.58,0.011956,45.43156216,3799.896467
394,3802.03,3802.13,3802.03,3802.13,0.37975529,1443.8489808,3802.0510018
395,3809.09,3809.09,3809.09,3809.09,5.55003133,21140.568839,3809.09
396,3746.95,3747.58,3745.0,3745.0,1.47107531,5511.300005,3746.443141
397,3703.64,3704.63,3703.64,3704.63,2.85110586,10561.585489,3704.3820917
398,3822.36,3823.52,3822.36,3823.52,1.91309184,7313.6734711,3822.9599427
399,3882.19,3885.2,3881.31,3885.2,6.71769884,26087.51309,3883.4002107
400,3868.33,3868.33,3868.33,3868.33,0.17203554,665.49024045,3868.33
401,3860.17,3860.18,3860.0,3860.0,1.13186571,4369.1729673,3860.1513667
402,3896.47,3896.47,3893.69,3893.69,5.65787984,22034.820218,3894.5366182
403,3908.99,3909.97,3908.99,3909.97,0.168,656.78186,3909.4158333
404,3808.11,3809.46,3808.11,3808.71,8.14439686,31019.679159,3808.7141003
405,3867.07,3867.32,3867.07,3867.32,3.95739023,15303.744384,3867.1304812
406,3850.58,3850.64,3850.57,3850.64,2.52246552,9712.962842,3850.5829971
407,3857.06,3857.59,3855.88,3855.97,6.84332199,26389.349993,3856.2192501
408,3951.37,3954.84,3951.21,3951.21,7.39109844,29220.496275,3953.4713971
409,3953.09,3953.1,3952.28,3953.1,0.42473587,1678.9753742,3952.9870039
410,3988.08,3990.55,3988.08,3990.55,0.06073885,242.30411959,3989.2773668
411,3975.08,3976.83,3975.08,3976.83,2.37108366,9429.0445183,3976.6814969
412,3976.46,3976.58,3975.29,3975.93,6.01122802,23897.167494,3975.4218963
413,4029.58,4029.58,4028.72,4028.72,2.67078192,10760.156805,4028.8414133
414,3974.34,3974.36,3973.43,3973.43,3.62962588,14423.503478,3973.826492
415,3995.59,3997.06,3993.97,3995.5,2.64751107,10576.366704,3994.8337985
416,3970.52,3970.52,3969.76,3969.82,2.73721977,10867.692516,3970.3397715
417,3976.77,3977.31,3976.38,3977.05,3.37983796,13441.12567,3976.8550532
418,3909.53,3909.53,3909.53,3909.53,0.05877527,229.78368132,3909.53
419,3979.35,3980.02,3979.35,3979.35,3.65770185,14555.328971,3979.3645211
420,4002.82,4002.82,4001.49,4002.53,6.31140383,25260.583884,4002.3716695
421,4028.4,4029.4,4028.4,4029.36,10.42239556,41990.402391,4028.8628607
422,4087.06,4087.06,4080.0,4080.0,23.59396575,96354.436761,4083.8593131
423,4086.06,4087.48,4086.06,4086.7,0.13684443,559.20587562,4086.4350534
424,4124.02,4128.02,4123.1,4128.02,19.35700773,79843.056897,4124.7623605
425,4174.83,4174.83,4169.17,4169.17,4.76463016,19883.424492,4173.1307203
426,5048.47,5048.47,5038.17,5044.0,102.09158741,514626.76106,5040.834158
427,4967.12,4967.12,4955.29,4956.52,4.36026173,21610.922753,4956.3361309
428,4893.68,4899.2,4893.18,4899.2,13.36504673,65436.714028,4896.1081356
429,4996.26,5001.94,4995.27,5001.94,11.14945936,55705.509845,4996.2521093
430,5124.23,5130.39,5124.23,5130.39,1.31759791,6752.7059384,5125.0126363
431,5252.12,5254.44,5247.41,5252.48,5.12013233,26890.953933,5252.0036983
432,5240.0,5240.0,5234.82,5234.82,0.23090722,1209.4289726,5237.7269649
433,5220.19,5225.53,5220.19,5225.53,0.232,1212.0964,5224.5534483
434,5195.68,5195.68,5181.86,5183.49,16.36261653,84883.231215,5187.6318839
435,5023.3,5030.0,5021.54,5027.65,22.43858879,112793.24156,5026.7529129
436,5112.12,5114.26,5109.72,5109.72,11.9680032,61186.644309,5112.5190465
437,5054.47,5055.82,5054.43,5055.82,1.75575266,8874.5160651,5054.5365912
438,5165.88,5166.39,5159.23,5159.55,21.96244263,113394.02715,5163.0881437
439,5052.32,5054.55,5052.32,5054.19,2.1241984,10732.365102,5052.4306494
440,5231.02,5234.5,5231.02,5234.5,0.57201114,2994.0492256,5234.2498533
441,5273.16,5282.68,5273.16,5282.68,14.18502272,74884.050255,5279.0927257
442,5228.33,5228.33,5228.33,5228.33,0.00967544,50.586393215,5228.33
443,5308.0,5309.92,5305.54,5305.54,13.8273,73402.338393,5308.508414
444,5335.29,5335.29,5332.95,5332.95,0.16140855,861.15908273,5335.2755026
445,5260.31,5266.68,5260.31,5262.27,5.65106684,29750.044379,5264.5005308
446,5433.36,5438.64,5433.36,5438.64,8.49864965,46201.20846,5436.2999257
447,5573.19,5575.77,5568.46,5568.46,5.87263167,32721.053971,5571.7872003
448,5437.85,5437.85,5434.91,5434.91,0.08153687,443.21540534,5435.7667315
449,5204.81,5206.52,5204.81,5205.06,6.44006606,33521.272557,5205.1131533
450,5142.36,5143.79,5135.03,5142.26,16.23799999,83466.033213,5140.1670935
451,5175.46,5175.46,5175.46,5175.46,0.07256192,375.54131448,5175.46
452,5177.58,5180.0,5175.0,5178.36,21.08515481,109187.7755,5178.4194368
453,5145.52,5148.61,5143.01,5143.3,4.60500595,23687.30866,5143.8171671
454,5318.9,5318.9,5312.5,5312.5,1.04524846,5555.7124162,5315.2074639
455,5327.94,5327.94,5325.0,5325.0,27.01816009,143914.26439,5326.5753076
456,5464.63,5464.63,5460.42,5462.31,5.01919317,27413.692283,5461.7727102
457,5741.16,5742.16,5738.28,5738.59,0.47330726,2716.180337,5738.7252776
458,5752.1,5752.1,5744.0,5748.8,24.83527306,142723.11653,5746.7907113
459,5624.33,5624.33,5618.34,5620.85,1.73863692,9773.6465056,5621.4419429
460,5883.99,5884.0,5870.0,5875.79,24.66084451,144930.75748,5876.9584075
461,5775.68,5780.65,5773.45,5778.76,2.07871667,12010.521421,5777.8539972
462,6032.05,6032.81,6029.59,6030.41,1.25341039,7560.5043879,6031.9464784
463,6272.39,6272.42,6261.19,6268.04,14.54572352,91101.374516,6263.1036806
464,6548.39,6548.39,6542.5,6547.2,10.15608054,66479.856701,6545.8181864
465,7159.32,7176.22,7159.32,7171.32,2.89649999,20764.51297,7168.8289458
466,7015.46,7025.0,7014.23,7014.23,28.08147777,197114.87034,7019.3909293
467,7966.0,7983.78,7965.39,7983.78,3.00168308,23927.06794,7971.2172478
468,8060.46,8061.44,8050.76,8051.32,6.86758878,55324.278072,8055.8518928
469,8242.13,8249.69,8232.13,8232.13,3.98134547,32809.766558,8240.8740475
470,7281.97,7323.84,7277.17,7323.83,14.52432217,105959.61971,7295.3228709
471,7376.41,7398.71,7363.71,7363.71,18.40993646,136050.48378,7390.0572159
472,7941.55,7951.83,7932.72,7932.72,2.60099173,20656.923301,7941.9411693
473,8057.77,8057.77,8041.32,8041.32,0.51655202,4159.2235391,8051.8967656
474,7930.61,7935.65,7921.18,7932.87,1.4865589,11788.402968,7929.9938724
475,7931.43,7936.12,7929.85,7935.53,7.74299546,61409.543008,7930.980113
476,7672.05,7676.0,7667.52,7676.0,3.20430438,24579.54725,7670.7903917
477,7878.98,7882.05,7878.67,7882.05,4.53624663,35748.790327,7880.6981285
478,8009.69,8023.54,8005.77,8011.92,5.28327964,42332.891349,8012.6160705
479,8007.65,8007.65,7996.68,7996.68,0.16789155,1343.7510368,8003.6847403
480,8773.2,8780.04,8773.0,8778.5,8.30000136,72840.931281,8776.014379
481,8787.45,8796.25,8787.44,8789.47,5.11692315,44992.193238,8792.8217641
482,8638.77,8658.87,8638.77,8649.38,2.34376628,20262.357758,8645.2125925
483,8684.14,8695.42,8684.14,8694.28,9.86769327,85748.724293,8689.8449259
484,8264.97,8276.57,8260.21,8268.82,0.78542203,6490.2566364,8263.4002976
485,8547.57,8548.73,8539.06,8539.06,1.38146508,11802.75713,8543.6521712
486,8564.82,8577.22,8561.84,8570.19,11.45529759,98114.680664,8565.0049589
487,8678.7,8689.28,8675.52,8682.46,2.30566747,20020.732247,8683.2695988
488,7896.71,7919.27,7887.62,7899.05,10.24640607,80942.562906,7899.6052229
489,7794.53,7794.53,7791.98,7791.99,0.07391035,576.05601634,7793.9830665
490,7869.83,7870.59,7860.87,7860.87,0.27743445,2183.2063775,7869.2692184
491,7807.32,7809.03,7806.71,7809.03,0.72613075,5669.4590613,7807.76611
492,7954.72,7956.29,7954.72,7956.29,0.0394469,313.84256256,7956.0767148
493,7892.67,7892.67,7888.95,7888.95,0.28436561,2243.7446134,7890.351486
494,7663.41,7672.43,7663.41,7672.43,0.7561483,5795.5231577,7664.5324174
495,7967.42,7969.07,7962.41,7962.41,0.40202726,3202.4173328,7965.6721108
496,7996.01,8000.49,7993.49,7997.23,0.69057389,5522.4089782,7996.8401037
497,8123.29,8123.29,8121.41,8123.28,0.44528914,3616.6754133,8122.0831331
498,8208.08,8210.36,8205.06,8210.36,0.55775809,4578.664633,8209.0510476
499,8646.45,8646.45,8646.1,8646.1,0.05429465,469.45002649,8646.3404128
500,9020.41,9023.4,9014.57,9020.52,16.06766004,144913.11856,9018.9310825
501,9176.22,9180.96,9164.97,9174.83,6.84736888,62837.819645,9176.9292331
502,9261.43,9261.43,9252.28,9253.6,6.48321837,60029.435148,9259.2030258
503,9140.89,9150.0,9138.18,9150.0,7.36290872,67328.19392,9144.2385721
504,9332.38,9343.82,9332.38,9338.82,1.06698729,9969.3304281,9343.4387846
505,9751.09,9754.09,9746.7,9748.19,10.47853946,102151.8843,9748.6758236
506,10566.83,10566.83,10520.89,10520.89,23.32006951,245773.07766,10539.12286
507,10752.43,10767.38,10752.43,10763.44,6.30276668,67810.944057,10758.917076
508,10651.03,10661.96,10642.12,10653.83,0.46575151,4962.7877276,10655.440983
509,11139.63,11150.63,11136.71,11150.32,3.07392104,34244.913191,11140.466116
510,12236.16,12273.64,12233.86,12255.79,22.7292117,278471.95066,12251.720576
511,12825.0,12850.0,12815.99,12850.0,5.29232228,67933.097813,12836.160426
512,11103.0,11135.84,11100.63,11114.36,45.39285613,504862.69758,11122.073838
513,11485.49,11486.51,11414.03,11425.7,19.7598615,226174.08384,11446.137102
514,12125.73,12145.3,12124.32,12143.21,5.08432321,61733.058211,12141.843793
515,11077.31,11090.75,11070.0,11084.89,14.47889278,160475.8323,11083.432604
516,10301.21,10320.51,10298.31,10318.17,25.00574111,257621.90291,10302.510202
517,11324.58,11344.37,11313.9,11344.37,5.69935242,64593.319955,11333.448995
518,11887.09,11894.69,11887.09,11890.08,0.11040137,1312.7736058,11890.91771
519,11138.0,11138.0,11129.57,11136.3,1.57110367,17486.271512,11129.928499
520,11505.71,11538.02,11500.7,11523.76,37.48285192,432150.9049,11529.296272
521,11153.07,11153.07,11146.46,11146.46,1.11955337,12480.760772,11147.98196
522,11403.25,11405.06,11402.76,11404.83,2.0639675,23538.337742,11404.412977
523,12677.98,12688.19,12670.46,12687.12,3.24792013,41178.499142,12678.421111
524,12983.02,12991.28,12980.05,12991.28,6.43365278,83529.800741,12983.262168
525,11704.06,11704.06,11671.62,11671.62,21.29076341,248697.45751,11681.002354
526,11196.62,11196.73,11167.41,11176.14,8.86558045,99131.50407,11181.614631
527,11620.46,11631.48,11594.91,11598.0,13.73746319,159396.42579,11603.046617
528,11294.62,11294.62,11287.56,11287.56,0.21818618,2462.7973199,11287.595392
529,10262.22,10262.22,10221.01,10228.77,6.42385901,65775.053787,10239.180792
530,10724.9,10724.9,10686.22,10686.22,6.61468632,70727.665475,10692.519955
531,9413.86,9423.71,9404.01,9413.01,2.2642152,21318.936249,9415.5962953
532,9740.34,9741.25,9726.66,9726.95,2.2346793,21740.874062,9728.8564234
533,10606.25,10615.69,10598.35,10615.69,9.3167258,98772.039895,10601.582789
534,10535.5,10549.59,10534.71,10549.59,1.26531003,13335.13497,10539.025736
535,10587.82,10587.82,10559.02,10559.02,8.21715515,86878.335571,10572.799708
536,10630.95,10640.19,10629.61,10640.19,5.70676058,60690.557646,10634.85261
537,10235.39,10235.39,10226.96,10232.74,0.68581838,7014.7608117,10228.306817
538,9636.09,9642.07,9631.0,9631.0,6.89286892,66422.220456,9636.3678501
539,10119.81,10119.81,10119.54,10119.54,0.14979687,1515.8855651,10119.60774
540,9709.4,9714.88,9703.11,9707.35,13.45319965,130619.77844,9709.197948
541,10123.14,10140.0,10123.14,10132.67,10.0173564,101538.08452,10136.215631
542,9458.75,9459.22,9458.55,9459.09,1.90918007,18058.224486,9458.6282194
543,9621.97,9630.0,9621.97,9628.55,2.44667444,23561.094637,9629.8445971
544,9428.03,9428.03,9428.03,9428.03,0.06398054,603.21045054,9428.03
545,9684.67,9692.29,9684.67,9685.75,0.23424767,2268.6940002,9685.0226948
546,9999.1,10009.16,9999.1,9999.1,0.31280109,3130.4494038,10007.795701
547,10361.41,10365.0,10361.0,10361.0,3.56998129,36991.394953,10361.789586
548,10787.97,10800.29,10785.23,10800.29,7.26564208,78363.056889,10785.427637
549,10781.25,10781.25,10773.04,10773.04,1.15404545,12433.295075,10773.661536
550,11594.0,11620.0,11578.32,11620.0,103.01857763,1196909.1643,11618.38177
551,11667.58,11677.73,11667.58,11677.73,0.60570507,7071.9891563,11675.631436
552,11625.16,11634.71,11622.32,11634.71,1.95135442,22690.285553,11627.967386
553,11949.0,11950.6,11947.72,11950.6,0.60901556,7277.4495425,11949.529734
554,11855.83,11870.9,11855.83,11870.9,1.08145802,12826.539293,11860.413494
555,11833.09,11833.09,11828.72,11831.08,3.0416174,35980.674446,11829.454436
556,11373.7,11373.73,11371.79,11371.82,3.17767899,36140.526017,11373.246364
557,11437.29,11437.29,11428.48,11428.48,0.39926092,4563.1671152,11429.035216
558,11386.55,11386.55,11377.5,11377.5,0.21956118,2498.2503594,11378.379181
559,10604.94,10604.95,10592.87,10601.39,2.31942376,24596.387349,10604.525043
560,9816.85,9833.0,9815.85,9832.89,21.11089349,207274.52923,9818.3683856
561,10323.33,10334.6,10323.33,10325.51,0.33907749,3501.6999844,10327.13786
562,10299.54,10299.54,10264.0,10279.95,26.53879532,272760.14472,10277.78923
563,10108.83,10128.1,10107.28,10120.91,1.27611223,12908.241656,10115.287161
564,10412.14,10412.26,10402.76,10412.26,0.04123361,429.22936806,10409.696557
565,10792.03,10797.65,10783.44,10786.23,13.21776283,142639.30374,10791.486092
566,10280.37,10290.0,10260.71,10262.5,19.78589247,203215.79854,10270.742088
567,9868.14,9870.67,9857.17,9858.69,5.61296428,55355.877552,9862.1467714
568,10149.33,10160.8,10148.15,10153.97,2.0291307,20608.020704,10156.083442
569,10370.79,10378.58,10370.79,10378.58,0.06297809,653.25709321,10372.767628
570,10141.37,10145.73,10132.48,10136.82,4.76813854,48365.622665,10143.501968
571,10276.2,10289.74,10276.2,10289.31,2.69004513,27670.767842,10286.358222
572,10179.04,10179.04,10164.48,10164.48,4.18149552,42525.677551,10169.968459
573,10086.36,10086.36,10077.01,10077.01,0.11054473,1114.4442904,10081.387782
574,9590.14,9590.75,9587.2,9590.56,1.8121458,17378.667023,9590.1041864
575,9461.24,9461.24,9443.19,9443.19,0.11221041,1060.8947088,9454.5123645
576,9617.03,9617.03,9617.03,9617.03,0.16,1538.7248,9617.03
577,9631.81,9639.0,9627.38,9628.91,0.36482872,3513.7762653,9631.3038767
578,9772.43,9773.64,9760.06,9760.58,0.25905607,2531.3931603,9771.6033454
579,10410.19,10422.87,10409.4,10420.14,3.10884937,32386.830256,10417.626074
580,10619.81,10621.49,10604.84,10604.85,0.87313928,9267.9601054,10614.526591
581,10567.26,10582.51,10565.66,10565.66,0.19438711,2054.5081916,10569.158581
582,10657.94,10660.63,10651.98,10660.63,0.61598848,6565.3749347,10658.275516
583,10348.14,10350.68,10336.08,10344.78,1.07762326,11148.193525,10345.167869
584,10555.96,10575.63,10555.95,10566.92,1.26572741,13377.264548,10568.835314
585,10305.03,10305.03,10300.0,10300.0,10.8708839,111974.16112,10300.373194
586,10306.85,10317.67,10294.41,10317.67,1.67260874,17254.05593,10315.655728
587,10082.47,10089.38,10075.17,10076.01,1.01812863,10260.222857,10077.531026
588,10106.13,10111.98,10106.13,10111.98,0.00781725,79.033396905,10110.127846
589,10390.31,10391.04,10388.77,10391.01,0.10202897,1060.1368322,10390.547236
590,10302.54,10304.34,10302.23,10304.34,0.02466595,254.15332843,10303.812682
591,10325.21,10325.21,10317.28,10317.28,0.09165672,946.32532569,10324.669328
592,10324.47,10340.07,10308.84,10330.63,3.91867498,40484.822976,10331.253085
593,10241.12,10255.27,10241.12,10248.0,1.0368844,10628.348391,10250.273213
594,10212.43,10213.05,10205.74,10213.05,0.30671008,3132.1621445,10212.126528
595,9815.0,9815.0,9785.62,9794.97,6.03276517,59084.826879,9793.9875353
596,10231.11,10231.11,10222.99,10222.99,0.28711832,2937.3597085,10230.485148
597,10129.0,10130.01,10129.0,10130.01,0.0945004,957.22479877,10129.320074
598,9870.0,9887.44,9855.53,9884.97,21.01940972,207437.78275,9868.8681324
599,9978.04,9978.04,9965.49,9969.08,3.44601259,34380.017496,9976.7533049
600,9701.39,9709.93,9701.37,9709.93,0.21179119,2055.2046698,9703.9195531
601,8590.78,8590.78,8581.56,8582.26,3.08378401,26475.636591,8585.4380542
602,8369.04,8369.04,8357.22,8357.25,0.6926163,5796.4628546,8368.9379742
603,8021.7,8045.33,8021.7,8031.23,11.99672147,96376.865415,8033.6003179
604,8192.4,8192.43,8178.32,8178.72,1.19566926,9784.439154,8183.2321707
605,8145.47,8146.87,8132.18,8132.18,10.02022725,81628.513782,8146.3735048
606,7979.94,7979.94,7971.1,7971.1,0.30166821,2407.1289609,7979.3921968
607,8420.0,8428.46,8420.0,8420.0,3.32497272,28012.055951,8424.7476026
608,8274.31,8275.9,8257.49,8257.49,3.92505507,32416.912594,8258.9701332
609,8342.54,8351.98,8342.54,8346.09,0.77175497,6443.2190275,8348.7885119
610,8112.0,8115.99,8109.02,8109.05,0.20668037,1676.6523826,8112.296212
611,8148.5,8153.46,8144.93,8144.93,0.17511259,1426.768709,8147.7220399
612,8059.0,8059.0,8056.6,8058.3,4.7607222,38362.288148,8058.0816389
613,7875.91,7879.65,7874.27,7879.65,3.07702034,24241.808218,7878.3386326
614,8275.21,8282.86,8275.21,8275.82,0.20571924,1703.4784295,8280.5984967
615,8122.93,8130.66,8119.31,8130.66,1.73920868,14137.3055,8128.5849492
616,8566.35,8577.54,8566.35,8577.54,0.2229802,1911.697869,8573.3974093
617,8579.75,8586.7,8579.75,8582.46,1.00580213,8632.92315,8583.1227559
618,8314.0,8323.47,8314.0,8323.47,0.98755209,8211.9134455,8315.4230837
619,8341.79,8344.31,8341.79,8344.15,0.03522955,293.94581817,8343.729005
620,8295.12,8297.26,8290.21,8290.69,0.34408129,2853.2701863,8292.4305077
621,8317.71,8321.0,8314.77,8321.0,0.54813167,4559.6592447,8318.5473387
622,8164.06,8168.95,8162.27,8162.27,0.22867874,1867.6883713,8167.3021782
623,7966.01,7972.95,7966.01,7966.01,0.07377344,587.75263572,7966.9951099
624,8072.15,8074.7,8066.99,8066.99,0.49836414,4021.9857281,8070.375465
625,7950.95,7951.98,7947.62,7947.62,1.13636995,9031.4704313,7947.6498224
626,7910.93,7915.55,7910.03,7910.05,0.12165476,962.4204011,7911.0788686
627,8238.51,8240.66,8235.04,8235.28,0.09145548,753.33268574,8237.1519536
628,8218.52,8223.2,8218.52,8223.2,1.37574508,11309.827421,8220.874336
629,7958.89,7959.84,7949.9,7954.36,10.71559178,85238.992348,7954.6696158
630,7417.11,7424.2,7407.16,7407.16,4.96182202,36778.774763,7412.3526832
631,7456.21,7457.25,7446.76,7446.76,1.69091177,12601.026225,7452.2080034
632,9599.49,9605.45,9586.5,9589.27,19.09592149,183176.63209,9592.4479047
633,9162.75,9162.75,9154.55,9154.55,5.09902599,46694.297944,9157.4936145
634,9651.52,9665.9,9647.88,9649.82,2.01904365,19496.392253,9656.2509945
635,9294.44,9326.79,9294.34,9326.79,4.08034212,38026.650591,9319.4760322
636,9288.4,9288.4,9267.39,9275.37,2.94857147,27332.426144,9269.7180389
637,9110.91,9116.31,9106.83,9108.98,0.27207731,2479.0387257,9111.5232127
638,9076.03,9077.54,9070.01,9071.0,0.61104295,5545.4486926,9075.382823
639,9269.25,9269.25,9260.0,9261.83,0.15981512,1481.0342015,9267.1719769
640,9350.23,9351.51,9344.24,9344.24,0.05449586,509.56291671,9350.4885823
641,9131.81,9132.55,9124.34,9132.55,0.99318147,9069.2830331,9131.5467586
642,9392.31,9401.45,9392.31,9401.45,1.01028002,9497.9621919,9401.3164706
643,9331.9,9338.59,9330.74,9337.25,0.20151713,1880.9893365,9334.1411547
644,9294.1,9294.1,9292.0,9292.0,6.88529245,63982.11656,9292.5779151
645,9210.23,9217.01,9210.23,9217.01,0.02397178,220.87300031,9213.8756618
646,8813.81,8818.41,8813.81,8818.41,0.60229053,5311.0875127,8818.1487972
647,8792.71,8792.71,8792.71,8792.71,0.04842242,425.76429656,8792.71
648,8934.44,8934.44,8929.29,8929.29,0.11919719,1064.8380127,8933.4153997
649,8724.91,8734.88,8724.89,8734.88,0.04380379,382.35919359,8728.9066445
650,8721.45,8730.0,8719.44,8719.46,0.191536,1670.3530168,8720.8306367
651,8659.56,8671.67,8657.93,8662.29,0.14313481,1240.0830329,8663.7417754
652,8535.43,8539.24,8535.39,8539.24,0.2122388,1812.1563793,8538.2897909
653,8456.27,8465.23,8456.27,8465.23,0.16402018,1387.6449492,8460.2086717
654,8467.5,8474.79,8467.5,8467.5,0.12473251,1056.7477446,8472.1115981
655,8482.4,8482.4,8469.83,8469.83,0.15331597,1299.7354119,8477.4952789
656,8143.0,8143.0,8138.35,8138.35,0.13925507,1133.5429232,8140.0477782
657,8093.2,8102.36,8091.67,8091.67,1.78170517,14427.668683,8097.6745905
658,8097.57,8101.05,8090.5,8090.5,0.11348308,918.67096133,8095.224075
659,7609.93,7615.72,7606.69,7612.08,1.17956903,8982.6017226,7615.1556154
660,7219.13,7232.31,7219.13,7232.31,1.54311035,11145.285249,7222.6106505
661,7182.41,7189.09,7179.7,7179.7,0.09808853,704.61150434,7183.4240389
662,6650.6,6670.37,6648.7,6670.37,24.98891556,166344.4428,6656.7291565
663,7190.01,7200.19,7190.0,7190.74,0.35426844,2547.4290591,7190.6745605
664,7066.37,7066.37,7050.42,7059.85,5.87066986,41430.989609,7057.284875
665,7481.86,7491.88,7475.0,7476.9,27.64356123,206734.62683,7478.581544
666,7474.99,7476.87,7474.49,7475.68,0.45002408,3363.9387201,7475.0193814
667,7747.08,7747.08,7739.51,7739.51,0.05909161,457.6436,7744.6459827
668,7337.62,7344.57,7327.86,7329.27,8.70581718,63799.205525,7328.3419817
669,7371.3,7371.3,7365.1,7371.3,2.53905439,18715.892551,7371.2058412
670,7307.73,7309.67,7303.71,7309.67,0.29364279,2145.8788716,7307.7866875
671,7157.56,7157.56,7157.56,7157.56,0.21581,1544.6730236,7157.56
672,7196.03,7196.03,7190.84,7192.81,1.36043323,9789.3791281,7195.7806618
673,7403.07,7407.94,7396.36,7407.85,2.08227125,15424.964916,7407.7596357
674,7576.0,7576.0,7567.31,7573.2,2.57346979,19474.756984,7567.5094612
675,7427.32,7433.18,7427.32,7433.18,0.69619146,5172.5327454,7429.7560981
676,7503.38,7503.54,7503.38,7503.54,0.46348848,3477.8035336,7503.5382403
677,7370.77,7370.77,7364.52,7364.59,0.33407167,2462.2707868,7370.4866588
678,7210.43,7215.55,7210.43,7210.43,0.1019251,735.29328825,7214.0551076
679,7144.5,7145.0,7139.66,7145.0,10.06688032,71927.765567,7144.9906307
680,7222.88,7222.88,7216.91,7217.73,0.06889713,497.38015902,7219.1709441
681,7259.91,7259.91,7252.19,7252.19,0.0539322,391.42789628,7257.7772885
682,7056.72,7056.72,7049.92,7049.92,0.02127447,150.01279185,7051.3057131
683,7054.34,7061.79,7054.34,7061.79,0.04718018,332.89969749,7055.9225821
684,6880.06,6880.06,6871.74,6871.74,0.38382421,2638.8724449,6875.211037
685,6677.18,6681.29,6672.44,6674.01,6.54055886,43690.505486,6679.9346082
686,7141.07,7145.99,7136.95,7143.0,4.60174511,32860.490139,7140.8757663
687,7114.22,7122.7,7114.21,7122.7,0.09003156,640.985999,7119.5700597
688,7150.0,7150.0,7145.54,7145.54,0.91315474,6527.7415835,7148.5601482
689,7148.47,7148.47,7140.34,7140.34,0.01879495,134.28988525,7144.998271
690,7567.37,7567.37,7564.47,7565.04,0.1070056,809.50652975,7565.0856567
691,7310.53,7311.52,7302.43,7302.43,0.81897017,5987.3042637,7310.7720929
692,7237.87,7238.87,7237.87,7238.01,0.22013534,1593.5165339,7238.803792
693,7171.19,7171.19,7167.64,7167.64,0.01707884,122.45047674,7169.7185955
694,7182.62,7182.62,7175.1,7176.68,0.52202634,3745.7698791,7175.4422949
695,7298.16,7301.8,7293.01,7293.01,0.0761659,555.94995447,7299.1975998
696,7285.53,7285.53,7285.11,7285.11,0.0148004,107.82561031,7285.3173095
697,7360.11,7360.11,7360.11,7360.11,0.01974824,145.34921871,7360.11
698,7221.76,7223.56,7219.52,7219.52,0.13328841,962.61787184,7222.0673339
699,7190.87,7194.45,7190.87,7194.45,0.02114511,152.10171566,7193.233597
700,7109.12,7124.57,7109.12,7118.0,35.62985403,253676.41516,7119.7713847
701,7197.79,7215.65,7197.12,7212.74,1.9166894,13808.670735,7204.4384106
702,7325.04,7325.04,7325.0,7325.0,0.02459485,180.15786272,7325.0238451
703,7453.93,7453.93,7449.25,7449.25,0.40519595,3020.2695156,7453.8492194
704,7523.23,7528.28,7523.23,7528.28,0.02957327,222.55528392,7525.5554736
705,7846.35,7847.47,7839.99,7843.62,1.78402427,13994.522219,7844.3564108
706,8344.4,8360.52,8344.4,8360.52,13.55141278,113244.75546,8356.6752262
707,7964.59,7969.91,7958.66,7958.66,0.11819423,941.61170616,7966.6469857
708,7786.7,7786.7,7776.97,7781.99,0.17645263,1373.2173145,7782.3567407
709,8111.14,8111.14,8108.07,8108.07,1.55984423,12647.909028,8108.443641
710,8071.77,8073.59,8066.36,8072.02,0.28235073,2279.1260417,8071.9679445
711,8109.54,8109.54,8098.86,8098.86,0.96458763,7813.6665346,8100.525335
712,8524.84,8524.84,8515.34,8521.5,0.14394478,1226.6794899,8521.8754713
713,8581.11,8585.45,8567.28,8578.13,6.89378514,59107.269512,8573.9935771
714,8633.23,8637.66,8630.45,8632.18,0.10370085,895.20629077,8632.5839255
715,8800.0,8814.59,8792.85,8811.46,5.91007811,52058.844597,8808.4867285
716,8831.51,8839.33,8831.51,8839.33,0.44967897,3973.2915568,8835.8402813
717,9134.77,9139.27,9134.77,9134.77,0.0501687,458.31288776,9135.4347983
718,8625.14,8633.02,8625.14,8626.17,1.76440273,15220.734393,8626.5647485
719,8656.55,8658.72,8655.0,8658.72,0.2432856,2106.0660638,8656.7641644
720,8716.4,8720.76,8712.25,8717.12,2.42358431,21126.098111,8716.8818612
721,8551.41,8559.67,8551.41,8559.67,0.78093906,6683.4673617,8558.2444317
722,8295.65,8295.65,8286.7,8288.8,0.05199294,431.14216631,8292.3213481
723,8293.54,8293.54,8293.54,8293.54,0.00658682,54.628055143,8293.54
724,8332.46,8332.66,8332.46,8332.66,0.02068862,172.38967745,8332.5846503
725,8610.13,8624.94,8610.13,8624.94,0.05132299,442.3597061,8619.1335716
726,9032.25,9046.98,9028.9,9046.98,5.35675922,48376.125331,9030.8567819
727,9320.71,9335.06,9316.76,9317.48,0.73403301,6847.7573824,9328.9501822
728,9315.0,9325.0,9315.0,9318.41,35.27079903,328636.52474,9317.5242346
729,9404.19,9406.51,9390.91,9394.62,0.75428309,7093.5574523,9404.3702508
730,9398.36,9398.36,9382.25,9382.25,6.98583534,65578.294903,9387.3233066
731,9307.5,9320.44,9307.5,9308.51,0.04037789,375.97543068,9311.4184689
732,9375.0,9375.0,9363.88,9364.61,0.12537096,1174.4701792,9367.9603249
733,9246.55,9246.59,9238.97,9238.97,3.80887643,35206.678405,9243.3238651
734,9210.51,9225.0,9205.08,9208.71,1.47419208,13588.408277,9217.5290189
735,9633.01,9633.3,9633.0,9633.29,0.39229111,3778.9599893,9633.0502859
736,9770.65,9783.13,9767.7,9768.45,0.23388992,2285.3843524,9771.1964345
737,9749.02,9762.08,9749.02,9762.08,0.30662232,2992.3645062,9759.1216
738,10088.22,10095.64,10088.22,10095.64,12.49612873,126146.76136,10094.867306
739,10051.91,10062.53,10048.0,10048.0,0.73199118,7357.1601068,10050.886278
740,9744.33,9744.33,9737.39,9744.33,0.4351776,4238.3923717,9739.4543554
741,10303.92,10320.32,10303.92,10317.77,1.33622277,13773.48661,10307.777205
742,10416.93,10416.97,10410.86,10413.93,0.36317083,3781.3477842,10412.036077
743,10214.92,10239.17,10214.92,10223.09,3.39005919,34663.220131,10224.960152
744,10281.13,10282.32,10272.32,10272.32,0.31440636,3231.8752328,10279.293437
745,10014.15,10026.47,10014.15,10026.47,0.26968836,2702.6487904,10021.377231
746,9752.45,9761.11,9752.45,9758.16,0.96937809,9457.6176875,9756.3765728
747,9810.0,9821.17,9805.7,9809.27,4.58959533,45037.42698,9812.940737
748,10128.05,10139.25,10126.58,10134.0,1.25529542,12726.732178,10138.435922
749,9566.31,9575.28,9566.28,9575.28,0.15030488,1438.5815666,9571.0902175
750,9697.08,9709.57,9697.08,9709.57,0.06195848,601.21619378,9703.5336209
751,9636.63,9640.45,9628.1,9629.66,0.39969322,3852.4619197,9638.547083
752,9875.02,9890.0,9875.02,9880.27,7.94676741,78582.387374,9888.5978813
753,9764.29,9769.79,9758.07,9758.07,1.22427898,11950.877545,9761.563941
754,9566.24,9573.91,9566.23,9571.99,0.44174737,4228.4841475,9572.1773001
755,9159.03,9169.69,9159.03,9161.54,1.24657546,11430.593285,9169.5959463
756,8712.05,8712.05,8700.02,8700.02,0.53102851,4623.5784705,8706.8366075
757,8828.47,8838.2,8824.19,8824.19,1.47440622,13016.800844,8828.5037514
758,8754.54,8762.53,8752.23,8753.13,0.26251483,2299.2272625,8758.4661884
759,8573.67,8579.5,8571.88,8571.88,0.15872102,1361.3248066,8576.8400845
760,8644.88,8645.0,8639.11,8639.14,0.08332486,720.24528292,8643.8222989
761,8843.73,8851.91,8843.73,8851.91,0.03082514,272.7657875,8848.8093646
762,8825.52,8828.89,8822.55,8828.34,4.19214025,36994.0359,8824.6179026
763,8906.01,8906.02,8906.01,8906.02,0.1040535,926.7017871,8906.0126483
764,9062.07,9063.6,9057.16,9057.48,0.91650617,8305.3620755,9061.9816291
765,9090.01,9096.03,9083.66,9083.97,0.99074118,9005.8555669,9090.0184111
766,8751.26,8752.71,8745.21,8745.21,4.13668799,36177.277569,8745.4692393
767,8075.55,8075.55,8052.92,8062.25,0.72617093,5859.3134527,8068.7799671
768,7907.25,7915.01,7903.92,7910.98,0.18274112,1445.3806785,7909.444128
769,7924.03,7942.0,7923.94,7931.45,2.31572784,18369.974139,7932.6999578
770,7664.58,7664.58,7645.2,7649.39,0.95633708,7313.4306767,7647.3356829
771,5362.37,5387.83,5250.58,5250.61,171.78519612,918748.52768,5348.2404097
772,5612.42,5612.43,5568.9,5583.37,11.03588623,61552.315667,5577.4692113
773,5175.4,5192.6,5175.4,5191.07,8.51966512,44213.161282,5189.5421545
774,5264.64,5264.64,5250.55,5250.55,0.03717343,195.46275289,5258.1306833
775,5328.93,5339.51,5321.35,5332.66,9.16426468,48834.294961,5328.7739569
776,5417.0,5417.0,5409.4,5409.4,2.15,11641.648571,5414.7202656
777,5297.92,5307.24,5297.89,5300.53,4.48094329,23741.954805,5298.4278685
778,6166.85,6166.85,6139.72,6139.72,0.43853282,2696.1716282,6148.1638436
779,6261.05,6269.18,6258.12,6268.16,0.23309545,1460.7409696,6266.7073491
780,6365.09,6372.95,6361.7,6372.54,8.20617615,52286.173495,6371.5636296
781,5954.72,5959.09,5954.72,5957.7,2.62902931,15666.49974,5959.043393
782,6549.09,6549.09,6545.26,6548.25,7.52626762,49268.108569,6546.1542236
783,6551.68,6561.89,6547.13,6561.89,0.58175613,3809.2229808,6547.8003313
784,6740.97,6756.82,6740.76,6749.9,6.26593758,42270.273136,6746.0412103
785,6816.99,6839.78,6816.99,6839.78,11.82513627,80831.588759,6835.5735539
786,6120.74,6120.74,6105.0,6109.16,3.34956719,20477.85926,6113.5836656
787,6214.05,6214.05,6208.72,6209.34,0.03610779,224.2461765,6210.4652901
788,6013.95,6017.46,6012.39,6017.46,0.77378441,4654.00932,6014.607247
789,6448.61,6448.71,6431.82,6435.0,23.03865873,148319.71352,6437.8623451
790,6378.97,6382.33,6378.97,6380.47,4.295292,27402.66269,6379.6972803
791,6625.0,6630.0,6625.0,6626.56,0.86898874,5758.4606334,6626.6228414
792,6781.87,6783.3,6781.87,6783.3,0.15570137,1055.9597654,6781.9555179
793,6695.6,6697.55,6691.49,6697.55,1.63017162,10916.300261,6696.4116702
794,6801.54,6801.87,6780.0,6785.86,35.02793865,237789.77734,6788.5746779
795,6848.34,6864.44,6848.34,6864.44,23.24706403,159419.21091,6857.6062208
796,7330.0,7331.35,7309.0,7309.0,0.45749784,3346.1442893,7314.0111203
797,7354.62,7379.63,7354.62,7379.63,3.04308649,22423.266013,7368.5930671
798,7289.79,7290.27,7282.27,7282.27,0.179,1304.37993,7287.0387151
799,7177.65,7177.65,7151.04,7151.04,11.15888132,79924.253717,7162.3894389
800,6925.0,6938.93,6925.0,6938.93,17.66245771,122368.83354,6928.1883388
801,6821.27,6823.43,6821.27,6823.43,0.28057305,1913.9227106,6821.4773679
802,6688.56,6688.56,6661.68,6664.6,20.51574186,136824.44843,6669.2420565
803,6899.87,6899.87,6893.78,6893.78,0.44505613,3070.3221695,6898.7302107
804,6919.52,6930.61,6919.52,6928.42,8.04995391,55773.532175,6928.4287586
805,6669.65,6669.65,6664.0,6664.0,4.18155441,27874.612618,6666.0887042
806,7085.96,7085.96,7069.52,7069.52,7.43174705,52594.645115,7077.0230419
807,7096.45,7108.21,7096.45,7108.21,1.19847612,8509.5324238,7100.2936828
808,7234.17,7234.64,7234.17,7234.64,0.01901354,137.54906703,7234.2692116
809,7171.76,7197.86,7171.76,7197.86,5.22099266,37542.57695,7190.6971327
810,6871.49,6871.49,6852.0,6855.61,6.06343143,41601.765368,6861.0927407
811,6873.77,6873.77,6867.93,6867.93,0.0782946,537.85156244,6869.5869503
812,7115.9,7127.57,7115.9,7127.57,6.63798037,47236.113319,7116.0369097
813,7530.0,7537.4,7530.0,7537.4,2.19281128,16514.416565,7531.1618083
814,7532.52,7532.52,7526.86,7526.86,0.04190761,315.59379361,7530.7036982
815,7577.13,7579.34,7575.05,7575.05,0.04112074,311.57777085,7577.1440604
816,7738.59,7738.59,7738.59,7738.59,0.0035,27.085065,7738.59
817,7712.26,7718.0,7708.34,7718.0,54.0506754,416991.1307,7714.8181334
818,7827.31,7835.0,7827.31,7832.53,15.0058553,117504.78624,7830.5957167
819,9292.88,9297.69,9112.94,9175.1,70.32230708,644622.44134,9166.685055
820,8678.82,8690.94,8677.28,8690.68,8.34393189,72447.380895,8682.6428895
821,8836.55,8836.55,8826.83,8833.33,0.43904634,3878.8864,8834.799534
822,9149.79,9156.66,9148.87,9148.87,2.60828789,23871.806813,9152.2898619
823,8737.02,8737.02,8726.52,8726.95,0.14574725,1272.2202142,8728.9483281
824,8862.01,8868.55,8862.01,8868.55,3.30687579,29327.079731,8868.5156605
825,8981.73,8982.1,8966.66,8966.66,0.42899832,3848.7310601,8971.4362053
826,9302.33,9302.33,9285.89,9297.29,5.9687213,55441.522113,9288.6766406
827,9939.33,9941.22,9931.94,9932.36,6.22860014,61886.911738,9935.926267
828,9872.67,9883.59,9868.12,9868.12,17.94278097,177203.52933,9876.0348037
829,8627.62,8627.62,8574.86,8605.0,51.10297207,439547.2691,8601.2075481
830,8699.97,8699.97,8679.76,8686.6,11.13313141,96747.726935,8690.0732033
831,8715.85,8720.55,8700.08,8708.57,14.81201412,128978.68405,8707.7073382
832,8913.13,8919.26,8913.13,8915.16,0.67313411,6001.5303741,8915.8018959
833,9358.44,9358.44,9335.56,9335.91,22.50713925,210273.99382,9342.5464463
834,9475.26,9477.53,9447.37,9466.14,22.12094484,209312.60833,9462.1911427
835,9406.15,9435.08,9400.0,9430.11,3.22863019,30431.263369,9425.4410009
836,9550.0,9565.26,9550.0,9561.48,27.89631795,266417.04012,9550.2582311
837,9866.58,9869.06,9861.87,9861.87,4.06431523,40107.652281,9868.2434829
838,9526.92,9538.78,9513.84,9532.34,6.29895181,59987.81449,9523.459823
839,9724.02,9724.02,9697.86,9701.1,13.78375897,133720.16868,9701.2846038
840,9469.51,9478.54,9469.51,9478.54,7.44407909,70516.805331,9472.8715908
841,8985.0,9004.9,8985.0,9004.9,17.94527807,161423.18613,8995.3014657
842,9288.77,9293.05,9288.77,9288.78,0.48024853,4461.3595585,9289.68915
843,9201.09,9203.98,9201.09,9203.5,4.43505532,40819.824675,9203.9042874
844,8781.61,8784.21,8772.92,8780.29,2.56021882,22477.150366,8779.3864301
845,8895.88,8895.88,8890.3,8891.6,0.19163954,1704.472629,8894.159467
846,8832.32,8841.85,8832.32,8834.15,1.16191538,10272.424332,8840.9401482
847,9162.64,9162.64,9133.53,9153.24,16.77564571,153350.33648,9141.2479218
848,9512.1,9517.1,9507.77,9511.78,0.05918094,563.01870633,9513.5140863
849,9394.68,9406.22,9394.68,9403.7,11.90568144,111928.96693,9401.3070561
850,9581.73,9581.73,9571.0,9571.0,9.08045572,86932.261384,9573.557106
851,9550.0,9562.68,9550.0,9561.21,11.2366508,107400.67668,9558.0683775
852,10097.06,10110.0,10097.06,10110.0,15.74832107,159118.96332,10103.868382
853,9491.08,9492.0,9482.74,9482.74,25.0415551,237680.7858,9491.4546982
854,9671.96,9671.96,9666.75,9666.75,1.0098743,9765.974524,9670.4852515
855,9797.54,9809.3,9794.95,9806.5,10.37396309,101712.63391,9804.6072679
856,9620.57,9623.95,9615.71,9621.69,4.8508319,46671.334039,9621.3051702
857,9691.67,9691.67,9689.72,9689.72,0.02542183,246.36941459,9691.2541146
858,9722.52,9729.78,9722.48,9729.78,3.6543725,35543.608173,9726.3232396
859,9685.97,9688.18,9674.9,9681.33,2.00829982,19436.173153,9677.9240626
860,9760.04,9760.04,9760.04,9760.04,0.00511063,49.879953225,9760.04
861,9890.7,9898.01,9888.36,9888.36,9.26339263,91640.453281,9892.7527896
862,9355.58,9355.58,9344.1,9351.91,0.31678264,2962.3504168,9351.3660242
863,9404.11,9404.11,9387.21,9401.84,17.1998353,161688.55294,9400.5872799
864,9430.72,9436.31,9430.72,9436.31,0.05607654,529.01509368,9433.8041127
865,9149.3,9149.3,9122.11,9135.63,35.2920655,322248.9733,9130.9184865
866,9575.28,9582.49,9574.24,9575.3,9.35287505,89585.115764,9578.3505377
867,9454.62,9458.46,9448.27,9448.87,9.90364577,93635.633539,9454.6630315
868,9421.22,9424.71,9421.22,9424.71,3.89639871,36708.925068,9421.2445389
869,9264.58,9264.58,9255.08,9255.08,0.52613149,4872.4085565,9260.819109
870,9319.66,9319.66,9314.49,9314.49,0.09850594,917.86030307,9317.8168045
871,9366.08,9378.53,9365.93,9378.53,7.40105488,69354.456921,9370.8880755
872,9383.42,9388.57,9383.21,9386.76,3.23932328,30399.028221,9384.3761779
873,9650.0,9650.0,9645.45,9645.45,4.04264471,39005.297135,9648.4603354
874,9642.17,9650.3,9642.17,9648.65,8.06103212,77770.047811,9647.6538802
875,9084.35,9087.33,9070.58,9073.14,10.29503857,93473.557797,9079.4762119
876,9234.91,9234.91,9226.03,9228.77,1.20670715,11136.947229,9229.2046411
877,9154.0,9155.47,9154.0,9155.47,1.28914767,11802.743895,9155.4630785
878,8970.0,8970.0,8970.0,8970.0,0.45544,4085.2968,8970.0
879,9088.66,9088.66,9079.49,9083.83,2.08546145,18939.668684,9081.7639828
880,9157.36,9161.71,9155.83,9161.71,2.58868563,23716.548094,9161.6177026
881,9137.3,9144.34,9136.64,9144.34,19.44456458,177688.95392,9138.2325991
882,9239.8,9239.8,9239.8,9239.8,0.00552093,51.012289014,9239.8
883,9088.95,9088.95,9088.95,9088.95,0.00795409,72.294326305,9088.95
884,9081.75,9081.75,9081.75,9081.75,0.12308147,1117.7951402,9081.75
885,9132.38,9132.76,9132.38,9132.76,0.01371254,125.23157794,9132.6317327
886,9089.55,9096.27,9089.55,9095.76,5.28242131,48026.260019,9091.7132883
887,9295.31,9296.68,9288.22,9292.8,2.18301458,20289.388518,9294.2066004
888,9308.22,9312.11,9308.22,9312.11,0.07265596,676.38362944,9309.4032401
889,9382.9,9387.65,9381.77,9381.77,1.438898,13505.486919,9385.9932527
890,9217.28,9221.94,9217.28,9217.77,0.04603793,424.39405002,9218.3564729
891,9260.41,9266.12,9260.41,9266.12,0.03454641,320.00238407,9262.9707131
892,9275.36,9284.09,9275.36,9277.54,5.75743317,53440.882796,9282.0674106
893,9274.05,9276.45,9267.63,9267.63,0.3852304,3573.2353665,9275.5799295
894,9210.71,9210.71,9206.02,9206.02,0.32688203,3010.5281051,9209.8305469
895,9231.97,9236.79,9230.35,9230.54,3.29318339,30403.594062,9232.2808849
896,9195.44,9195.44,9195.44,9195.44,0.00781437,71.856570473,9195.44
897,9113.46,9116.47,9113.46,9115.78,1.98818095,18120.300442,9114.009689
898,9134.4,9134.4,9131.89,9131.89,0.06464111,590.443596,9134.1809569
899,9152.72,9152.72,9149.67,9152.61,0.25586594,2341.8282936,9152.55971
900,9186.75,9189.52,9186.75,9189.52,6.58091303,60475.324084,9189.5036158
901,9177.58,9177.74,9177.47,9177.73,0.04367441,400.82775658,9177.6341472
902,9361.8,9362.97,9356.46,9356.81,16.74268935,156717.06715,9360.3281931
903,9507.97,9508.37,9507.69,9507.69,2.57073756,24442.447672,9507.9513569
904,9565.68,9566.02,9563.02,9563.02,2.27083093,21722.579819,9565.9168334
905,9583.52,9590.07,9583.1,9590.07,12.5190027,119992.97484,9584.866919
906,9684.78,9684.78,9684.0,9684.0,3.67982424,35638.225568,9684.7629787
907,10271.1,10285.31,10265.86,10266.13,101.09078942,1039021.3749,10278.101307
908,10983.61,11020.0,10983.61,11016.63,47.22977733,519887.28743,11007.616737
909,10991.55,11006.61,10991.55,11001.14,4.50844958,49593.865237,11000.20403
910,10994.74,11003.99,10982.46,11001.4,12.60640995,138609.03136,10995.123267
911,10987.87,10995.22,10987.09,10993.7,0.06311463,693.75194032,10991.935472
912,11367.91,11370.37,11359.58,11360.4,0.97861727,11125.024719,11368.105857
913,11995.56,12000.0,11968.61,11969.35,11.10022501,132993.90841,11981.190317
914,11141.87,11150.98,11141.87,11150.98,0.69056961,7695.6709063,11143.946671
915,11261.11,11283.11,11258.01,11283.11,2.09439389,23605.563181,11270.832719
916,11240.08,11246.87,11240.08,11246.46,6.63480744,74607.431133,11244.852516
917,11659.0,11661.15,11654.96,11654.96,2.28414216,26630.492045,11658.859292
918,11833.41,11847.88,11832.49,11847.88,7.56032833,89490.90522,11836.90725
919,11548.72,11565.86,11547.17,11565.86,0.13321416,1539.4205331,11555.982736
920,11743.09,11752.55,11743.09,11746.17,0.30920009,3631.7299448,11745.565613
921,12034.41,12064.52,12034.41,12055.99,12.78984854,154162.42599,12053.498954
922,11847.55,11849.75,11836.65,11836.65,2.12231219,25147.668477,11849.184392
923,11381.02,11398.35,11376.93,11376.93,12.89926907,146909.38675,11388.969868
924,11561.08,11571.2,11560.78,11561.49,4.59021148,53105.523909,11569.297872
925,11741.1,11753.24,11741.1,11751.3,9.69151033,113849.09415,11747.301532
926,11898.42,11905.41,11898.42,11901.09,11.652797,138700.70482,11902.782209
927,11930.73,11934.48,11930.73,11933.72,0.32969347,3934.2870468,11933.166425
928,11850.51,11861.03,11844.46,11852.86,8.07621979,95725.907842,11852.811133
929,12311.37,12317.73,12309.19,12313.32,2.08234571,25642.672733,12314.320629
930,11842.39,11842.39,11811.6,11835.65,64.53241219,763083.49802,11824.809768
931,11708.42,11724.53,11708.42,11711.65,3.66198074,42920.100874,11720.460571
932,11870.64,11876.65,11861.58,11861.58,7.79460081,92519.980501,11869.75225
933,11469.5,11469.5,11455.68,11460.86,7.23387704,82926.871492,11463.682757
934,11604.56,11604.56,11601.78,11601.78,0.03505511,406.73426564,11602.709723
935,11680.86,11691.0,11680.86,11687.31,9.75191934,113968.19245,11686.74478
936,11662.37,11662.37,11661.11,11661.11,0.03527149,411.34104114,11662.139624
937,11372.54,11380.02,11368.87,11380.02,0.41406749,4709.0745925,11372.722337
938,11389.97,11391.23,11383.39,11383.39,0.70470593,8026.4930371,11389.847446
939,11379.65,11382.41,11379.65,11382.36,0.0194208,221.03193238,11381.196057
940,11504.73,11509.64,11504.73,11509.64,0.08768644,1009.2131991,11509.341685
941,11617.12,11623.65,11613.51,11615.59,0.42062441,4886.4454004,11617.122745
942,11679.58,11683.33,11679.58,11683.33,0.20633898,2410.6032227,11682.733058
943,11696.18,11707.72,11696.18,11700.86,5.36850211,62820.344352,11701.652168
944,11835.15,11841.98,11830.47,11839.42,13.54108463,160278.91397,11836.490085
945,11374.38,11378.07,11370.28,11370.94,1.08083452,12293.912131,11374.462884
946,10271.12,10280.69,10268.16,10280.0,5.40259166,55503.770753,10273.54541
947,10405.18,10412.4,10397.75,10407.33,7.93759243,82580.431346,10403.712722
948,10167.02,10215.9,10166.13,10213.7,7.31704631,74626.62154,10199.009051
949,10199.83,10204.06,10190.23,10190.23,2.89737937,29536.949127,10194.36717
950,10309.81,10313.21,10303.63,10311.34,1.98711009,20488.141019,10310.521355
951,10033.42,10038.42,10027.78,10027.78,1.32817514,13324.071285,10031.863181
952,10382.01,10382.01,10378.77,10378.77,0.12576209,1305.5804229,10381.351192
953,10217.4,10217.6,10200.5,10212.19,16.70472119,170531.10156,10208.557187
954,10350.0,10350.83,10345.65,10347.31,7.8267875,81003.77421,10349.555831
955,10563.78,10576.78,10561.52,10576.64,19.32954506,204367.78628,10572.819259
956,10350.04,10353.79,10350.04,10353.66,13.79794625,142858.18385,10353.583154
957,10757.74,10757.74,10754.69,10754.95,0.27139677,2919.4149536,10756.999627
958,10785.0,10785.0,10775.88,10777.57,4.06980786,43867.38458,10778.736021
959,10869.07,10870.41,10850.0,10850.2,30.67990396,333132.95741,10858.344206
960,10923.94,10927.34,10923.29,10924.62,0.98107673,10719.647111,10926.410527
961,10979.7,10979.7,10975.56,10975.82,0.03691897,405.22354087,10976.025086
962,10948.99,10948.99,10937.73,10940.58,1.20235679,13157.190416,10942.833713
963,10965.85,10973.65,10965.85,10970.67,2.7275122,29922.431842,10970.595051
964,10446.51,10452.37,10444.91,10450.18,3.33164422,34818.030105,10450.704759
965,10481.73,10486.19,10481.31,10481.31,1.99085099,20868.063124,10481.981439
966,10298.54,10311.32,10298.54,10306.34,12.12077241,124905.40036,10305.069358
967,10662.27,10666.16,10655.96,10663.51,9.39653031,100185.23513,10661.939229
968,10717.21,10718.97,10712.39,10712.39,0.70410532,7547.0185172,10718.593231
969,10787.75,10787.75,10787.75,10787.75,0.00521126,56.217770065,10787.75
970,10892.39,10893.26,10892.39,10893.26,0.03309923,360.55366359,10893.113332
971,10684.35,10684.35,10684.19,10684.19,0.01029195,109.96204296,10684.276834
972,10740.45,10749.16,10734.99,10749.16,18.55882523,199321.57175,10739.988619
973,10800.39,10802.81,10798.06,10798.06,1.39372482,15056.056828,10802.747151
974,10649.43,10661.93,10649.43,10656.1,10.9476232,116666.74322,10656.810258
975,10552.31,10557.08,10549.09,10549.09,1.28759358,13585.177531,10550.827328
976,10554.6,10555.82,10553.67,10554.19,0.75284232,7946.3723471,10555.1616
977,10668.05,10668.07,10649.89,10660.18,28.92432222,308264.06186,10657.6071
978,10769.72,10769.72,10768.12,10768.7,0.4214041,4538.3693347,10769.63735
979,10575.41,10575.41,10572.73,10572.73,0.77694567,8215.7229073,10574.385346
980,10640.61,10645.35,10640.24,10640.24,0.65246709,6944.773962,10643.868585
981,10887.08,10887.08,10883.8,10883.8,1.02155738,11121.288597,10886.601981
982,11416.79,11421.53,11416.79,11420.46,2.51309399,28695.594207,11418.432546
983,11330.81,11333.22,11330.81,11331.85,0.02884487,326.88270566,11332.438165
984,11387.98,11387.98,11380.29,11380.29,2.77990807,31647.345439,11384.313669
985,11457.84,11460.22,11452.91,11452.91,1.0940448,12530.628659,11453.487699
986,11392.45,11401.25,11378.77,11380.04,33.84473395,385410.3859,11387.602765
987,11386.05,11386.05,11386.05,11386.05,0.00541624,61.669579452,11386.05
988,11514.91,11517.61,11510.01,11510.01,2.76352299,31816.561409,11513.043866
989,11368.7,11373.66,11368.55,11368.55,0.0231955,263.73379357,11370.041326
990,11375.56,11375.57,11375.56,11375.57,0.02648754,301.31066562,11375.562458
991,11420.4,11423.48,11409.94,11415.6,4.19594883,47904.963165,11416.955999
992,11744.41,11744.41,11744.41,11744.41,0.16614704,1951.298958,11744.41
993,12201.55,12214.47,12201.02,12209.13,14.25821287,174088.7377,12209.716553
994,12731.0,12744.37,12718.64,12744.37,23.85660129,303805.9195,12734.668942
995,12980.0,12987.43,12979.59,12987.43,0.64937217,8431.7371614,12984.444901
996,12980.09,12984.29,12980.09,12984.29,0.03443076,446.98858437,12982.245654
997,13305.02,13317.01,13305.02,13307.28,1.1186398,14895.010844,13315.287766
998,13102.84,13102.84,13102.84,13102.84,0.24999671,3275.6668917,13102.84
999,13100.36,13100.36,13100.36,13100.36,0.02796,366.2860656,13100.36
1000,13788.78,13802.0,13788.78,13799.71,8.9920818,124022.9575,13792.46322
1001,13276.91,13277.85,13268.32,13274.53,1.04258856,13840.445644,13275.079139
1002,13440.57,13446.79,13433.18,13446.79,0.65568533,8810.7380646,13437.448821
1003,13495.43,13500.0,13495.43,13500.0,12.73638436,171941.14895,13499.996866
1004,13698.0,13709.99,13698.0,13709.99,4.05700358,55585.513057,13701.124971
1005,13708.47,13715.54,13700.55,13706.08,0.6520483,8938.9860866,13709.085794
1006,13426.97,13436.18,13424.26,13431.35,2.16316881,29051.763817,13430.188011
1007,13895.89,13895.89,13895.49,13895.59,0.02676577,371.92686072,13895.615957
1008,14300.2,14302.75,14300.0,14300.0,2.69210324,38499.292767,14300.82331
1009,15567.55,15572.79,15537.0,15540.34,19.59767272,304605.21763,15542.92808
1010,15531.64,15552.45,15531.64,15552.45,3.04093383,47291.364102,15551.592618
1011,15002.58,15002.58,14993.89,14993.89,3.175746,47644.253989,15002.539242
1012,15403.11,15403.11,15387.63,15387.68,8.7316245,134420.32214,15394.65218
1013,15403.46,15421.35,15403.46,15415.41,12.66876257,195346.15125,15419.513166
1014,15394.41,15397.01,15390.78,15393.08,1.43122771,22029.697214,15392.167899
1015,15684.99,15685.48,15674.28,15681.31,3.81302215,59786.840959,15679.646907
1016,16418.07,16428.4,16413.76,16413.76,3.71205545,60965.478754,16423.644413
1017,16138.07,16140.79,16124.27,16132.82,1.99119474,32126.385676,16134.225865
1018,15951.36,15964.77,15951.36,15964.77,0.94227379,15030.937887,15951.773303
1019,16051.19,16067.05,16051.19,16061.58,7.51772132,120770.45981,16064.769452
1020,16683.31,16683.31,16667.79,16667.79,0.27585025,4599.3141213,16673.228033
1021,18373.31,18373.31,18332.79,18342.87,1.79946642,33024.617698,18352.45011
1022,17862.38,17862.62,17850.0,17850.0,4.99512948,89193.038385,17856.001279
1023,18202.28,18228.38,18199.78,18228.38,1.19181297,21713.743156,18219.086134
1024,18584.19,18600.33,18579.48,18600.33,1.37532156,25560.020865,18584.759818
1025,18602.28,18602.28,18593.79,18593.79,0.20944773,3895.111131,18597.055843
1026,18484.43,18501.0,18484.41,18501.0,1.09440274,20247.068416,18500.564441
1027,18455.67,18458.32,18441.34,18441.34,0.65154689,12023.112744,18453.181082
1028,18685.6,18688.94,18640.84,18659.27,22.82210955,425935.16508,18663.268799
1029,17769.67,17777.27,17703.91,17703.91,19.79843301,350780.75311,17717.601839
1030,17101.28,17132.81,17101.23,17132.81,0.17416552,2980.4279969,17112.61791
1031,16976.94,16989.39,16976.79,16976.79,0.12092924,2053.1543402,16978.146396
1032,17768.58,17784.22,17768.58,17784.22,0.06606653,1174.6211881,17779.368587
1033,18540.45,18542.12,18521.1,18521.1,3.43155013,63608.426,18536.353423
1034,19363.16,19383.94,19362.98,19375.88,1.07076461,20740.416826,19369.725738
1035,18568.97,18569.17,18538.65,18557.87,1.50804526,27980.25153,18553.986589
1036,19047.53,19052.12,19040.27,19040.27,1.11493957,21234.018245,19044.994739
1037,19306.06,19313.6,19289.67,19298.9,2.58337054,49853.594898,19297.887827
1038,18886.53,18886.54,18865.48,18873.61,6.12232525,115559.19045,18875.049222
1039,19187.51,19192.34,19180.36,19181.8,0.9445913,18122.860725,19185.928057
1040,19294.14,19303.23,19286.69,19293.35,0.52049601,10042.308255,19293.72764
1041,19188.46,19196.53,19184.41,19196.53,1.87309655,35946.552033,19190.976585
1042,18154.37,18189.75,18153.12,18179.37,2.38991665,43439.610423,18176.2031
1043,18412.86,18414.27,18400.93,18403.19,1.73903268,32013.791662,18408.964955
1044,17963.41,17985.47,17963.41,17985.47,2.10903483,37902.377626,17971.432755
1045,18375.33,18403.49,18375.33,18400.6,9.02137438,165973.16136,18397.768939
1046,18859.36,18859.36,18842.69,18842.69,2.42751327,45765.87472,18852.986423
1047,19126.01,19126.01,19095.98,19095.98,0.44455242,8491.7211821,19101.73199
1048,19170.74,19198.26,19170.74,19196.81,11.65759652,223644.83239,19184.47186
1049,19364.57,19369.4,19360.29,19366.92,0.29289353,5671.6684472,19364.26676
1050,21817.33,21833.72,21814.81,21833.72,6.65068278,145141.2688,21823.514006
1051,22894.82,22894.82,22856.5,22874.06,14.06710847,321838.85201,22878.820669
1052,23081.88,23098.52,23081.88,23098.52,1.09655832,25320.700142,23091.065637
1053,23451.63,23451.63,23418.23,23439.37,0.40903506,9589.2238297,23443.525427
1054,23914.0,23931.01,23894.29,23931.01,1.95670439,46796.736879,23916.099498
1055,22962.16,22976.58,22956.89,22958.9,3.31587572,76149.971921,22965.267203
1056,23429.84,23480.9,23429.84,23476.9,4.74869259,111418.39047,23462.961301
1057,23025.38,23028.97,23001.98,23007.21,3.04189583,70022.229725,23019.272729
1058,23591.05,23603.3,23583.78,23592.06,2.53060464,59697.68473,23590.28502
1059,24810.95,24825.58,24810.95,24825.58,1.62208,40267.858456,24824.828896
1060,26722.63,26722.63,26706.99,26710.47,0.51629756,13792.078117,26713.428816
1061,26830.49,26869.93,26830.49,26855.85,1.70745429,45863.883465,26860.972931
1062,26431.65,26453.2,26420.0,26428.87,12.18011762,321997.55168,26436.325307
1063,27896.98,27936.22,27896.98,27936.22,6.33039074,176645.86167,27904.416793
1064,29021.19,29035.92,29021.19,29031.58,4.13441462,120012.87715,29027.779791
1065,29294.58,29300.15,29272.15,29278.12,18.02403999,527861.80629,29286.542117
1066,29449.26,29452.9,29443.3,29452.07,0.96572522,28439.172223,29448.513546
1067,33204.02,33233.88,33129.58,33233.88,4.19651087,139271.39852,33187.427087
1068,33336.76,33390.8,33336.76,33353.2,0.58290501,19443.298038,33355.860225
1069,30866.09,31029.8,30860.84,30899.26,4.55823951,141206.93092,30978.392121
1070,35488.64,35598.46,35488.64,35555.03,4.55999357,162113.24406,35551.200143
1071,37597.36,37655.83,37597.36,37637.2,6.27426762,236134.07314,37635.320557
1072,38742.54,38742.54,38693.95,38693.95,4.56313347,176644.57479,38711.244356
1073,40224.06,40224.06,40016.68,40034.2,7.17385467,287665.57311,40099.163747
1074,40450.26,40469.32,40380.51,40456.23,5.87769563,237575.5321,40419.842581
1075,35490.08,35506.1,35300.02,35430.71,21.40990104,758332.33186,35419.702802
1076,35269.39,35450.68,35269.39,35433.95,26.93731199,952460.25985,35358.400281
1077,33152.06,33399.24,33152.06,33380.0,7.48858122,249319.99282,33293.354975
1078,37515.96,37587.77,37502.28,37554.45,16.79853188,630731.80841,37546.841171
1079,38421.83,38461.68,38380.51,38441.19,4.40977324,169379.64137,38410.05697
1080,36618.36,36627.31,36594.63,36594.63,7.44418045,272575.40433,36615.905022
1081,35854.77,35943.01,35820.1,35902.89,15.48180404,554925.7013,35843.73629
1082,35116.68,35203.94,35077.92,35203.94,4.7795378,167955.7171,35140.577213
1083,36359.82,36388.12,36352.66,36388.12,1.79177683,65166.036965,36369.505328
1084,35290.91,35290.91,35233.11,35268.96,5.99900867,211488.93845,35253.98113
1085,34226.83,34277.59,34226.82,34259.17,5.98739793,204957.91496,34231.55056
1086,30950.56,30979.44,30858.97,30875.93,4.88662621,151036.86653,30908.209476
1087,32606.55,32606.55,32548.21,32571.46,0.83606368,27231.578743,32571.177763
1088,32840.16,32902.36,32816.49,32838.76,10.65464657,350152.98071,32863.87572
1089,33406.6,33471.57,33406.6,33434.76,0.76486754,25571.277935,33432.295918
1090,32037.52,32071.76,32018.39,32044.77,0.68547616,21965.383575,32043.978853
1091,31923.83,31959.03,31883.45,31892.36,11.89628282,379793.4318,31925.386909
1092,31387.5,31458.97,31387.5,31417.8,15.19820821,477900.73463,31444.544516
1093,33105.3,33120.67,33077.88,33077.88,19.96641849,660871.84238,33099.168121
1094,33507.91,33540.57,33393.2,33411.86,2.80104662,93751.65102,33470.221577
1095,34054.58,34058.36,34018.07,34032.91,1.78040837,60607.504118,34041.349805
1096,33594.25,33594.25,33525.02,33544.73,2.73736527,91856.285969,33556.459189
1097,33903.27,33947.04,33892.82,33906.69,3.50780823,118955.13786,33911.528243
1098,36669.6,36733.55,36636.39,36636.39,5.51162289,202291.79572,36702.764278
1099,37730.86,37776.81,37730.86,37734.01,6.5508374,247283.9165,37748.443657
1100,37302.24,37351.91,37302.24,37351.91,0.10698468,3992.1522972,37315.17725
1101,39215.59,39244.72,39215.59,39239.8,0.45295341,17775.265434,39243.032598
1102,38364.73,38377.87,38299.13,38299.13,2.24766009,86191.435931,38347.184396
1103,38632.88,38740.88,38632.88,38740.88,7.47483258,289222.74824,38692.87307
1104,46887.15,46993.06,46841.45,46984.26,18.21181141,854665.09433,46929.164545
1105,46064.95,46072.62,46009.1,46009.1,1.78580373,82236.18626,46049.957719
1106,44763.77,44919.54,44763.77,44886.52,3.21044866,144045.03552,44867.571726
1107,47274.4,47274.4,47161.38,47178.75,4.49434566,212157.89378,47205.51329
1108,47988.22,48008.44,47969.36,47978.34,4.28504218,205605.63767,47982.173579
1109,47614.27,47636.76,47614.27,47620.06,0.33210146,15817.451293,47628.370237
1110,46865.32,46903.78,46824.29,46901.43,1.9644144,92036.947591,46852.10391
1111,49334.51,49404.0,49332.88,49360.38,1.33193423,65731.45363,49350.374928
1112,49341.05,49341.05,49276.17,49280.11,1.65150658,81409.540852,49294.106265
1113,52208.39,52208.39,52155.81,52171.33,2.56923435,134055.25968,52177.124163
1114,51132.76,51200.0,51132.76,51200.0,1.92384389,98425.977149,51161.103903
1115,55840.0,55840.0,55821.76,55825.79,0.65442209,36533.337894,55825.343386
1116,56737.2,56737.2,56688.97,56688.97,0.60942546,34551.587549,56695.346382
1117,55835.74,55916.58,55835.74,55878.95,3.31491034,185183.77524,55863.886576
1118,50736.22,50736.22,50467.58,50560.43,4.40585136,222830.61303,50576.062337
1119,50665.34,50874.08,50646.94,50799.12,21.93406342,1114624.4453,50817.052179
1120,49699.79,49785.0,49680.96,49746.33,7.08918542,352403.46525,49710.008184
1121,47047.19,47192.4,47047.07,47192.4,1.68112094,79227.527853,47127.797868
1122,47656.72,47682.78,47595.0,47595.0,0.58502281,27873.455514,47645.074753
1123,44394.74,44400.0,44300.0,44333.32,50.69746995,2248730.947,44355.881058
1124,46518.16,46532.78,46481.83,46481.83,3.16729922,147308.55246,46509.199868
1125,49184.27,49184.27,49133.11,49138.32,2.02162127,99385.336163,49161.204246
1126,49210.31,49239.39,49166.59,49196.4,1.91998982,94519.484101,49229.158987
1127,49073.78,49222.97,49056.88,49203.53,5.49436793,270125.56184,49164.083163
1128,46739.6,46801.14,46737.32,46737.32,2.23314863,104419.0297,46758.656498
1129,48451.48,48451.48,48439.71,48439.71,0.55170704,26730.29615,48450.163243
1130,49442.72,49458.0,49428.12,49428.12,0.66766193,33014.281764,49447.602568
1131,50496.58,50539.0,50496.58,50528.08,1.35279927,68343.596126,50520.130844
1132,53726.57,53788.38,53726.57,53785.49,1.03461917,55605.161859,53744.569472
1133,53644.58,53659.57,53614.53,53620.44,4.01893706,215579.35495,53640.888557
1134,55842.4,55842.4,55735.57,55735.57,0.25624329,14288.054225,55759.720481
1135,56711.43,56712.12,56658.53,56708.33,2.11586313,119947.7227,56689.736213
1136,56887.13,57036.39,56887.13,57032.02,1.18893488,67742.099901,56977.132256
1137,61202.06,61203.5,61179.35,61199.06,0.12090591,7398.4103558,61191.469927
1138,60379.5,60559.09,60379.5,60528.22,4.28698699,259307.40685,60487.099087
1139,54254.66,54254.66,54150.19,54150.19,0.76640595,41532.810771,54191.660139
1140,55528.37,55528.37,55440.26,55475.97,1.12127613,62196.646349,55469.517887
1141,58716.02,58802.57,58695.55,58802.57,2.88726947,169680.41858,58768.473237
1142,57802.75,57830.2,57802.75,57808.56,3.27556804,189351.13616,57807.114324
1143,58355.57,58355.57,58253.18,58299.31,1.04782749,61066.325715,58278.987999
1144,57768.1,57785.6,57732.26,57778.8,2.16069218,124788.67891,57754.029042
1145,57556.72,57673.43,57556.15,57637.17,3.19851807,184277.56834,57613.421063
1146,54673.79,54677.14,54638.56,54638.56,0.34899474,19077.618823,54664.488133
1147,54342.42,54342.42,54272.46,54279.85,0.48046759,26086.504869,54293.994874
1148,52129.52,52157.81,52046.67,52050.0,9.46535263,492683.589,52051.266155
1149,52449.23,52537.81,52449.23,52527.35,2.74228661,143985.37064,52505.587896
1150,54821.66,54856.01,54821.66,54856.01,0.26164312,14346.416748,54832.004555
1151,56095.81,56158.59,56095.81,56149.01,0.89892783,50459.981106,56133.517533
1152,55361.25,55417.15,55361.25,55401.67,1.31410353,72804.822995,55402.65385
1153,57069.04,57072.89,57033.66,57051.13,0.85726604,48912.428151,57056.299759
